com.samsung.shealth.exercise.weather,6311013,3
uv_index,sunset_time,start_time,latitude,custom,wind_direction,phrase,sundown_time,temperature_scale,content_provider,update_time,create_time,type,longitude,temperature,humidity,time_offset,deviceuuid,exercise_id,pkg_name,wind_speed_unit,forecast_time,wind_speed,icon_info_id,datauuid
,0,2025-05-11 15:59:48.088,51.448715,,E. 100,Sunny,0,1,TWC,2025-05-11 15:59:48.089,2025-05-11 15:59:48.089,1,5.4512267,26.0,21,UTC+0200,h6hg6DTKNp,5fd4f390-15dd-4d71-955b-f35780934759,com.sec.android.app.shealth,km/h,0,16.0,1,6ef2ba05-c317-49a3-a078-d34add2defcc,
,0,2025-05-14 10:41:45.700,51.40718,,N. 10,Cloudy,0,1,TWC,2025-05-14 10:41:45.707,2025-05-14 10:41:45.707,1,5.453169,22.0,34,UTC+0200,h6hg6DTKNp,f7b16be0-2ee7-4478-9874-5e9e0a9bcd50,com.sec.android.app.shealth,km/h,0,14.0,3,868ada5e-2de7-49ab-aca7-6d5946557dd0,
,0,2025-05-14 18:12:34.017,51.440598,,N. 350,Partly Cloudy,0,1,TWC,2025-05-14 18:12:34.030,2025-05-14 18:12:34.030,1,5.452864,19.0,50,UTC+0200,h6hg6DTKNp,b4aa968c-6fde-4278-b576-d7d8414f8b64,com.sec.android.app.shealth,km/h,0,16.0,2,143ef4de-e863-4fc3-b562-4a1eee938fc5,
,0,2025-05-14 18:28:14.724,51.442772,,NNW. 340,Partly Cloudy,0,1,TWC,2025-05-14 18:28:14.727,2025-05-14 18:28:14.727,1,5.4659357,18.0,51,UTC+0200,h6hg6DTKNp,b094d8cc-0373-4645-9821-9a5ea93bf16b,com.sec.android.app.shealth,km/h,0,14.0,2,0473f91f-c935-4676-9228-9a515674416e,
,0,2025-05-16 09:56:01.595,51.41076,,NNW. 330,Sunny,0,1,TWC,2025-05-16 09:56:01.597,2025-05-16 09:56:01.597,1,5.4588346,17.0,43,UTC+0200,h6hg6DTKNp,a3bd3579-4f88-4050-b49b-f69734f4add9,com.sec.android.app.shealth,km/h,0,13.0,1,74d7b0d3-715b-4b4a-bc36-e504def2e970,
,0,2025-05-16 10:56:26.593,51.407284,,NW. 320,Fair,0,1,TWC,2025-05-16 10:56:26.601,2025-05-16 10:56:26.601,1,5.453172,18.0,40,UTC+0200,h6hg6DTKNp,747c08e3-e4ca-426e-a915-f303617d658e,com.sec.android.app.shealth,km/h,0,14.0,1,23676900-dc74-4815-b0b9-8a9b81fdea51,
,0,2025-05-23 10:56:02.427,51.407253,,WNW. 300,Mostly Cloudy,0,1,TWC,2025-05-23 10:56:02.463,2025-05-23 10:56:02.463,1,5.453059,14.0,46,UTC+0200,h6hg6DTKNp,eca625fa-4d6c-4a4d-a500-8f70043d45d3,com.sec.android.app.shealth,km/h,0,18.0,3,be14c12c-39be-4b1c-879f-1d52c49c47c9,
,0,2025-05-27 11:40:12.331,51.406544,,SSW. 210,Cloudy,0,1,TWC,2025-05-27 11:40:12.354,2025-05-27 11:40:12.354,1,5.44719,16.0,75,UTC+0200,h6hg6DTKNp,352b5636-9241-4589-953c-39e332c60bf7,com.sec.android.app.shealth,km/h,0,24.0,3,24c26cc6-6a34-4890-8cbe-2556fe158cac,
,0,2025-06-01 14:24:22.810,51.440594,,WSW. 240,Cloudy,0,1,TWC,2025-06-01 14:24:22.818,2025-06-01 14:24:22.818,1,5.4529924,21.0,58,UTC+0200,h6hg6DTKNp,e8ec23b2-baa3-447b-a508-8af22ed0fbde,com.sec.android.app.shealth,km/h,0,14.0,3,85e60e59-a6c2-45f0-90ef-f6c63f29ecd9,
,0,2025-06-01 19:57:42.990,51.447533,,W. 260,Mostly Cloudy,0,1,TWC,2025-06-01 19:57:43.005,2025-06-01 19:57:43.005,1,5.45426,18.0,63,UTC+0200,h6hg6DTKNp,8059f4e7-1a6c-418e-bbee-592a50c9a0bf,com.sec.android.app.shealth,km/h,0,8.0,3,f9440baa-51aa-4b68-9b4a-ca3aadab2dfb,
,0,2025-06-02 11:01:56.048,51.40726,,W. 260,Showers in the Vicinity,0,1,TWC,2025-06-02 11:01:56.084,2025-06-02 11:01:56.084,1,5.453057,18.0,66,UTC+0200,h6hg6DTKNp,33cbb357-4f40-4169-b9d5-4e2b2282f0b3,com.sec.android.app.shealth,km/h,0,13.0,3,23c5d055-710d-470b-b674-231fdda06977,
,0,2025-06-02 20:52:11.756,51.442894,,S. 190,Clear,0,1,TWC,2025-06-02 20:52:11.765,2025-06-02 20:52:11.765,1,5.4656205,12.0,74,UTC+0200,h6hg6DTKNp,dd7cbcf2-6845-4f30-b151-a9c01f0fd3cd,com.sec.android.app.shealth,km/h,0,2.0,18,cd606f96-ac8a-4c79-90cd-8fe9374bd21d,
,0,2025-06-03 20:00:55.949,51.442745,,WNW. 290,Mostly Cloudy,0,1,TWC,2025-06-03 20:00:55.959,2025-06-03 20:00:55.959,1,5.4658275,18.0,54,UTC+0200,h6hg6DTKNp,756c936e-460d-4886-91ee-18bc039044d3,com.sec.android.app.shealth,km/h,0,6.0,3,ab11745e-95d8-4147-a7bd-1d198ced37ac,
,0,2025-06-04 21:23:55.644,51.442722,,WSW. 240,Clear,0,1,TWC,2025-06-04 21:23:55.660,2025-06-04 21:23:55.660,1,5.4658804,13.0,75,UTC+0200,h6hg6DTKNp,414a03ed-84cd-481f-a88d-eace49def9bc,com.sec.android.app.shealth,km/h,0,3.0,18,b488eecb-9cc9-4464-8910-62ba3e5fbeea,
,0,2025-06-05 11:03:34.796,51.407246,,SSW. 200,Showers in the Vicinity,0,1,TWC,2025-06-05 11:03:34.802,2025-06-05 11:03:34.802,1,5.4531636,17.0,72,UTC+0200,h6hg6DTKNp,6bf23ee7-2132-447a-a27c-b0fc362b51d0,com.sec.android.app.shealth,km/h,0,21.0,3,6aa6deae-fe8d-402b-9d28-daff82f47f85,
,0,2025-06-05 20:12:11.735,51.43503,,S. 180,Cloudy,0,1,TWC,2025-06-05 20:12:11.740,2025-06-05 20:12:11.740,1,5.464311,15.0,90,UTC+0200,h6hg6DTKNp,04322e1e-3480-4cb3-a2c2-a488adcc0e21,com.sec.android.app.shealth,km/h,0,18.0,3,f83416ef-a5cb-47ac-82c8-4291f73c86b3,
,0,2025-06-05 20:41:21.277,51.442913,,S. 180,Rain Shower,0,1,TWC,2025-06-05 20:41:21.285,2025-06-05 20:41:21.285,1,5.4659543,14.0,96,UTC+0200,h6hg6DTKNp,17a8092d-e89e-48a1-9978-f22cd58070e3,com.sec.android.app.shealth,km/h,0,16.0,5,ba5c506e-ad74-4331-bc31-699b66a3bab6,
,0,2025-06-06 21:11:03.587,51.44272,,SSW. 200,Cloudy,0,1,TWC,2025-06-06 21:11:03.590,2025-06-06 21:11:03.590,1,5.465895,15.0,85,UTC+0200,h6hg6DTKNp,96e61a67-5881-4b57-8acc-f6ed982b0438,com.sec.android.app.shealth,km/h,0,8.0,3,3448c2ea-704c-461d-a2ef-d359b2ab66c7,
,0,2025-06-07 14:50:01.245,51.441837,,WSW. 240,Showers in the Vicinity,0,1,TWC,2025-06-07 14:50:01.257,2025-06-07 14:50:01.257,1,5.4561443,17.0,73,UTC+0200,h6hg6DTKNp,68c2ec57-a3fe-411e-8980-d4a1accbd7ef,com.sec.android.app.shealth,km/h,0,16.0,3,a6e9e2b8-ddcb-4655-9a14-ad124e828d55,
,0,2025-06-07 17:48:24.584,51.442722,,SW. 230,Cloudy,0,1,TWC,2025-06-07 17:48:24.601,2025-06-07 17:48:24.601,1,5.465894,17.0,68,UTC+0200,h6hg6DTKNp,d479d5b8-d027-4230-b768-729192ef4301,com.sec.android.app.shealth,km/h,0,13.0,3,3f579aa3-6d92-4e8f-a5de-c6162edefd34,
,0,2025-06-08 14:31:02.463,51.435936,,W. 260,Partly Cloudy,0,1,TWC,2025-06-08 14:31:02.470,2025-06-08 14:31:02.470,1,5.4298215,17.0,48,UTC+0200,h6hg6DTKNp,bfc6b27e-5151-4426-b770-9534fb321f98,com.sec.android.app.shealth,km/h,0,27.0,2,429e2b89-7d11-47b6-b22f-db1ea4a8ec80,
,0,2025-06-08 15:35:02.264,51.440792,,W. 260,Showers in the Vicinity,0,1,TWC,2025-06-08 15:35:02.271,2025-06-08 15:35:02.271,1,5.4531617,16.0,50,UTC+0200,h6hg6DTKNp,17b8960d-5d76-4c61-9848-c3c7cdc7d3bb,com.sec.android.app.shealth,km/h,0,27.0,2,01f9894a-f550-41b6-bbd5-c326a16982f9,
,0,2025-06-08 16:01:57.544,51.442757,,W. 260,Showers in the Vicinity,0,1,TWC,2025-06-08 16:01:57.550,2025-06-08 16:01:57.550,1,5.4658813,16.0,51,UTC+0200,h6hg6DTKNp,281d994c-2ff7-4599-98ac-17c49a3a3645,com.sec.android.app.shealth,km/h,0,26.0,2,c5cd0849-944c-49c3-9464-c0aa9e078116,
,0,2025-06-09 16:15:44.895,51.45103,,W. 270,Cloudy,0,1,TWC,2025-06-09 16:15:44.900,2025-06-09 16:15:44.900,1,5.4647923,20.0,50,UTC+0200,h6hg6DTKNp,0b919580-fdc8-4131-a9f8-e13ab9201777,com.sec.android.app.shealth,km/h,0,13.0,3,4320f600-256b-4883-a83e-a09e75b4a6cf,
,0,2025-06-07 21:12:23.242,51.442814,,S. 170,Cloudy,0,1,TWC,2025-06-07 21:12:23.245,2025-06-07 21:12:23.245,1,5.4658656,13.0,94,UTC+0200,h6hg6DTKNp,e70af919-e2ad-4467-a3e1-aa8ed1953deb,com.sec.android.app.shealth,km/h,0,10.0,3,84c6941a-6a47-42fe-9b6d-d76144a591d7,
,0,2025-06-10 11:40:34.691,51.407425,,WSW. 250,Showers in the Vicinity,0,1,TWC,2025-06-10 11:40:34.719,2025-06-10 11:40:34.719,1,5.4531198,18.0,69,UTC+0200,h6hg6DTKNp,eca4b764-73eb-4420-ae4d-d72bc4168dd3,com.sec.android.app.shealth,km/h,0,21.0,3,f38c03bb-f1c0-49eb-8ad9-09c6d117722b,
,0,2025-06-10 20:37:10.341,51.439117,,WNW. 290,Fair,0,1,TWC,2025-06-10 20:37:10.342,2025-06-10 20:37:10.342,1,5.462966,14.0,72,UTC+0200,h6hg6DTKNp,4f6f159c-119f-429b-b36d-2695e389e528,com.sec.android.app.shealth,km/h,0,6.0,18,2b5f3f44-cc93-4efa-9f20-7cdc802bce81,
,0,2025-06-10 20:50:40.636,51.44282,,WNW. 290,Fair,0,1,TWC,2025-06-10 20:50:40.640,2025-06-10 20:50:40.640,1,5.4659505,14.0,73,UTC+0200,h6hg6DTKNp,91d60746-2f0f-4060-a25f-672630c118a4,com.sec.android.app.shealth,km/h,0,6.0,18,bd905aeb-55b9-4a65-a5a1-e9071e6f2ab1,
,0,2025-06-11 20:50:24.065,51.444283,,NE. 50,Clear,0,1,TWC,2025-06-11 20:50:24.069,2025-06-11 20:50:24.069,1,5.4635296,17.0,64,UTC+0200,h6hg6DTKNp,cb4dd15e-9118-4231-a872-0941581911b4,com.sec.android.app.shealth,km/h,0,11.0,18,e5ce1988-728f-4979-a073-d33bcdb08ada,
,0,2025-06-12 11:18:31.870,51.407246,,E. 100,Sunny,0,1,TWC,2025-06-12 11:18:31.885,2025-06-12 11:18:31.885,1,5.4530554,26.0,36,UTC+0200,h6hg6DTKNp,53c2ed91-6904-42d1-9115-27c3399c8548,com.sec.android.app.shealth,km/h,0,26.0,1,b454dc74-f15d-4589-88f0-4fc14761bc3c,
,0,2025-06-13 10:13:27.091,51.41078,,E. 80,Sunny,0,1,TWC,2025-06-13 10:13:27.102,2025-06-13 10:13:27.102,1,5.4589453,31.0,40,UTC+0200,h6hg6DTKNp,9ea75d6b-81be-4237-b819-9944a0295200,com.sec.android.app.shealth,km/h,0,8.0,1,59d4f15f-a5a9-44a1-a3f2-9c4149cbdc3e,
,0,2025-06-13 11:06:15.039,51.407276,,E. 100,Sunny,0,1,TWC,2025-06-13 11:06:15.052,2025-06-13 11:06:15.052,1,5.453029,33.0,38,UTC+0200,h6hg6DTKNp,c7a0453b-dc86-4e94-8acc-0ae7a9afd119,com.sec.android.app.shealth,km/h,0,10.0,1,f3e90ba3-30ae-4bfc-8be1-d4eabd6c1a29,
,0,2025-06-14 09:40:49.588,51.438763,,S. 180,Mostly Cloudy,0,1,TWC,2025-06-14 09:40:49.595,2025-06-14 09:40:49.595,1,5.477886,29.0,48,UTC+0200,h6hg6DTKNp,05ddfea8-a6c4-430a-bdd3-661f3b054abc,com.sec.android.app.shealth,km/h,0,8.0,3,1ecb6f36-ac07-4a7f-ac03-e8fba1f92784,
,0,2025-06-14 11:26:57.692,51.440197,,SW. 230,Cloudy,0,1,TWC,2025-06-14 11:26:57.707,2025-06-14 11:26:57.707,1,5.4531765,30.0,50,UTC+0200,h6hg6DTKNp,6f328bf4-dc27-421f-b866-bfcd7fafaed1,com.sec.android.app.shealth,km/h,0,16.0,3,fd974917-c4cf-42e0-872e-f654a286a97c,
,0,2025-06-14 12:25:25.088,51.442745,,WSW. 250,Showers in the Vicinity,0,1,TWC,2025-06-14 12:25:25.094,2025-06-14 12:25:25.094,1,5.4659495,29.0,52,UTC+0200,h6hg6DTKNp,ffda8ef3-794e-4c36-9813-43b2e6dfc744,com.sec.android.app.shealth,km/h,0,14.0,3,f84b80e6-a986-44c3-aa1c-b04477f8ddf0,
,0,2025-06-14 17:39:58.322,51.44052,,WNW. 300,Partly Cloudy,0,1,TWC,2025-06-14 17:39:58.330,2025-06-14 17:39:58.330,1,5.4526315,27.0,64,UTC+0200,h6hg6DTKNp,de1b615b-da0f-4e5f-9f0d-c463ce4273ff,com.sec.android.app.shealth,km/h,0,10.0,2,23686aaf-9447-4e60-bf44-32af78d9d556,
,0,2025-06-15 08:46:18.056,51.440655,,WSW. 250,Cloudy,0,1,TWC,2025-06-15 08:46:18.069,2025-06-15 08:46:18.069,1,5.452871,19.0,60,UTC+0200,h6hg6DTKNp,0087b761-8dd2-43ce-aee9-76bbf9078b4c,com.sec.android.app.shealth,km/h,0,13.0,3,c51fa6a2-90b9-42c3-9ff8-0b747f5911be,
,0,2025-06-15 09:22:28.238,51.44275,,W. 260,Mostly Cloudy,0,1,TWC,2025-06-15 09:22:28.251,2025-06-15 09:22:28.251,1,5.4659047,20.0,57,UTC+0200,h6hg6DTKNp,334782b0-708f-4962-8fe2-20888648ca0c,com.sec.android.app.shealth,km/h,0,14.0,3,5f0aca85-f090-4477-a658-ec8164278aa6,
,0,2025-06-17 13:19:14.726,51.407276,,W. 270,Partly Cloudy,0,1,TWC,2025-06-17 13:19:14.740,2025-06-17 13:19:14.740,1,5.453037,29.0,33,UTC+0200,h6hg6DTKNp,bfa18e2d-3981-42ca-aad8-e8fe14289e63,com.sec.android.app.shealth,km/h,0,10.0,2,942a9c1d-d5b2-45bf-bea8-1b18479d99ca,
,0,2025-06-17 19:12:18.799,51.440594,,NNW. 340,Mostly Cloudy,0,1,TWC,2025-06-17 19:12:18.802,2025-06-17 19:12:18.802,1,5.4529076,23.0,54,UTC+0200,h6hg6DTKNp,15a936c7-23b8-414a-8890-7ad90b315d53,com.sec.android.app.shealth,km/h,0,8.0,3,4d253edc-91f9-4327-8ab5-f058d0770b0a,
,0,2025-06-20 10:56:37.777,51.407196,,ENE. 70,Mostly Cloudy,0,1,TWC,2025-06-20 10:56:37.780,2025-06-20 10:56:37.780,1,5.4531183,26.0,36,UTC+0200,h6hg6DTKNp,6d65f895-28b4-4873-aea7-4f7a0042cea3,com.sec.android.app.shealth,km/h,0,11.0,3,bc4c2162-8e21-4832-882d-06d21f012afb,
,0,2025-06-21 09:51:53.405,51.45395,,ESE. 110,Sunny,0,1,TWC,2025-06-21 09:51:53.409,2025-06-21 09:51:53.409,1,5.445576,28.0,31,UTC+0200,h6hg6DTKNp,d44fbf23-0818-434d-ae53-0d8df04bc22c,com.sec.android.app.shealth,km/h,0,11.0,1,73d2d945-ed16-4f06-ae01-14eebbe00fbd,
,0,2025-06-21 11:19:49.591,51.44086,,ESE. 120,Sunny,0,1,TWC,2025-06-21 11:19:49.597,2025-06-21 11:19:49.597,1,5.4536257,29.0,26,UTC+0200,h6hg6DTKNp,279b03ae-dbf0-44e5-8b52-49d03cddf0fb,com.sec.android.app.shealth,km/h,0,13.0,1,fea1fd93-fe59-4564-a853-922cf74e80e2,
,0,2025-06-21 11:00:58.558,51.45147,,ESE. 120,Sunny,0,1,TWC,2025-06-21 11:00:58.586,2025-06-21 11:00:58.586,1,5.4484496,29.0,27,UTC+0200,h6hg6DTKNp,60158e9a-f232-4f74-b13d-5d908c2fa85e,com.sec.android.app.shealth,km/h,0,13.0,1,7d8c9a02-a4cc-4133-a970-9c2d7e4a9222,
,0,2025-06-21 11:46:57.336,51.44276,,ESE. 120,Sunny,0,1,TWC,2025-06-21 11:46:57.345,2025-06-21 11:46:57.345,1,5.4658318,30.0,26,UTC+0200,h6hg6DTKNp,b109ba00-cd1e-4bb4-95c5-3670b9be9851,com.sec.android.app.shealth,km/h,0,11.0,1,1498c645-35fe-483c-a75e-795069abf753,
,0,2025-06-22 10:06:25.552,51.436176,,W. 260,Cloudy,0,1,TWC,2025-06-22 10:06:25.564,2025-06-22 10:06:25.564,1,5.4298134,31.0,38,UTC+0200,h6hg6DTKNp,0b86c534-64a7-4652-ba8b-30db36ec5c5d,com.sec.android.app.shealth,km/h,0,16.0,3,fd0183b5-9304-4193-abaa-e4a2754186d6,
,0,2025-06-22 11:43:44.748,51.442764,,WSW. 240,Mostly Cloudy,0,1,TWC,2025-06-22 11:43:44.761,2025-06-22 11:43:44.761,1,5.465836,32.0,37,UTC+0200,h6hg6DTKNp,b8e0754f-3b01-48ea-a0f6-8b15ad35124a,com.sec.android.app.shealth,km/h,0,8.0,3,e3152aba-5a84-4df4-9d05-f227e265e93c,
,0,2025-06-27 11:10:59.397,51.40727,,WSW. 240,Cloudy,0,1,TWC,2025-06-27 11:10:59.401,2025-06-27 11:10:59.401,1,5.453043,21.0,57,UTC+0200,h6hg6DTKNp,d2cceeb8-96a2-4131-b173-02e8cd32f304,com.sec.android.app.shealth,km/h,0,14.0,3,a73425c7-0299-4bbd-b0c0-629d358da8c8,
,0,2025-06-27 21:30:31.610,51.442745,,SW. 220,Partly Cloudy,0,1,TWC,2025-06-27 21:30:31.614,2025-06-27 21:30:31.614,1,5.46582,20.0,77,UTC+0200,h6hg6DTKNp,a058d4cd-5aa5-47e9-9464-f6bb8a4555f2,com.sec.android.app.shealth,km/h,0,8.0,19,560a53fa-a3b8-43c5-93b6-bf779073bfe4,
,0,2025-06-28 09:53:19.272,51.441917,,WSW. 240,Mostly Cloudy,0,1,TWC,2025-06-28 09:53:19.278,2025-06-28 09:53:19.278,1,5.47734,25.0,60,UTC+0200,h6hg6DTKNp,a5d7c7a0-a379-46ab-b71d-cff737ab8125,com.sec.android.app.shealth,km/h,0,18.0,3,1aa651b3-8c23-4097-9ca5-4145d43142ce,
,0,2025-06-28 10:35:02.334,51.452084,,WSW. 240,Mostly Cloudy,0,1,TWC,2025-06-28 10:35:02.346,2025-06-28 10:35:02.346,1,5.472525,26.0,57,UTC+0200,h6hg6DTKNp,4d6181a7-3da2-479d-95f1-f6898e63511f,com.sec.android.app.shealth,km/h,0,19.0,3,b4f7ca5d-0682-4f1e-998b-8afd598ea693,
,0,2025-06-28 17:49:25.425,51.442753,,WSW. 250,Mostly Cloudy,0,1,TWC,2025-06-28 17:49:25.448,2025-06-28 17:49:25.448,1,5.4658504,26.0,59,UTC+0200,h6hg6DTKNp,349021bf-1764-4cdd-8c91-fad785a7decd,com.sec.android.app.shealth,km/h,0,14.0,3,93476301-b840-4c5f-92ff-f0758741aaba,
,0,2025-06-29 09:49:25.426,51.442757,,W. 270,Sunny,0,1,TWC,2025-06-29 09:49:25.432,2025-06-29 09:49:25.432,1,5.465923,27.0,56,UTC+0200,h6hg6DTKNp,561b72db-5cb9-466a-a2f5-7d75ed6a53f0,com.sec.android.app.shealth,km/h,0,8.0,1,3f9402dd-6333-4ddd-ae2a-f076c923c072,
,0,2025-07-03 12:16:14.722,51.44275,,NW. 320,Partly Cloudy,0,1,TWC,2025-07-03 12:16:14.734,2025-07-03 12:16:14.734,1,5.465874,24.0,38,UTC+0200,h6hg6DTKNp,53cddeb5-4fdb-4d93-9859-60adbd061b55,com.sec.android.app.shealth,km/h,0,11.0,2,e63e3b29-d505-4074-a45d-62cfe0b11376,
,0,2025-07-18 11:37:18.504,51.407272,,NNE. 30,Mostly Cloudy,0,1,TWC,2025-07-18 11:37:18.508,2025-07-18 11:37:18.508,1,5.4530377,27.0,42,UTC+0200,h6hg6DTKNp,76ea95c2-7093-4df7-b223-35bc6a0e5714,com.sec.android.app.shealth,km/h,0,6.0,3,d88fd3f0-f193-458d-ae53-ff22dc319840,
,0,2025-07-25 20:11:41.274,51.443024,,NNW. 330,Cloudy,0,1,TWC,2025-07-25 20:11:41.290,2025-07-25 20:11:41.290,1,5.465797,20.0,79,UTC+0200,h6hg6DTKNp,cc0872d3-1caa-4ece-996d-3fbc99f86573,com.sec.android.app.shealth,km/h,0,2.0,3,b73160aa-698b-4572-85ab-e1d708175ff6,
,0,2025-07-28 09:36:08.851,51.4108,,WNW. 290,Showers in the Vicinity,0,1,TWC,2025-07-28 09:36:08.854,2025-07-28 09:36:08.854,1,5.458775,20.0,62,UTC+0200,h6hg6DTKNp,e7581599-fe4e-47a6-8fcd-e03bbe6df230,com.sec.android.app.shealth,km/h,0,13.0,3,c9774e7c-a439-4a8e-a3fb-e53c5f1c88f0,
,0,2025-07-29 11:06:52.818,51.407124,,W. 270,Rain Shower,0,1,TWC,2025-07-29 11:06:52.823,2025-07-29 11:06:52.823,1,5.4532514,22.0,63,UTC+0200,h6hg6DTKNp,e624d99d-f8ad-4af1-93c6-4cf89e5f13ca,com.sec.android.app.shealth,km/h,0,10.0,5,5bbe3013-d8e4-4e26-91c3-95826aac526e,
,0,2025-07-29 22:01:23.879,51.442787,,WNW. 300,Cloudy,0,1,TWC,2025-07-29 22:01:23.884,2025-07-29 22:01:23.884,1,5.4659333,17.0,68,UTC+0200,h6hg6DTKNp,5f7e78a4-f461-46e1-87cc-4e2761cb4736,com.sec.android.app.shealth,km/h,0,6.0,3,7c4aefee-4ca2-4b7d-aa0d-51007df6ff07,
,0,2025-08-04 10:51:45.379,51.407253,,SW. 220,Mostly Cloudy,0,1,TWC,2025-08-04 10:51:45.388,2025-08-04 10:51:45.388,1,5.453076,24.0,60,UTC+0200,h6hg6DTKNp,27caf2ff-357c-4197-88ec-a9278430c269,com.sec.android.app.shealth,km/h,0,23.0,3,941ab2f5-1d22-4a49-9f8c-986ac9eb5211,
,0,2025-08-04 21:59:26.188,51.442734,,WSW. 240,Rain Shower,0,1,TWC,2025-08-04 21:59:26.192,2025-08-04 21:59:26.192,1,5.465909,19.0,87,UTC+0200,h6hg6DTKNp,85ae9062-5535-4ff5-a659-9a5a523ccb69,com.sec.android.app.shealth,km/h,0,24.0,5,60f23179-bfc7-4cc5-8464-0faea7888a0d,
,0,2025-08-05 11:12:02.575,51.40772,,W. 260,Mostly Cloudy,0,1,TWC,2025-08-05 11:12:02.580,2025-08-05 11:12:02.580,1,5.4538584,21.0,45,UTC+0200,h6hg6DTKNp,5d37dabf-15f5-429c-92bb-5e90a887692c,com.sec.android.app.shealth,km/h,0,23.0,3,c9fcd4c6-6666-41b5-a336-836d4f2d8951,
,0,2025-08-06 19:15:24.978,51.440464,,NE. 40,Cloudy,0,1,TWC,2025-08-06 19:15:24.983,2025-08-06 19:15:24.983,1,5.4532814,19.0,60,UTC+0200,h6hg6DTKNp,d3542e88-c9a1-42c9-8f46-60944ea99584,com.sec.android.app.shealth,km/h,0,2.0,3,3e487746-e259-494a-95a0-2f9804fe8c9e,
,0,2025-08-07 11:12:15.372,51.407227,,SW. 220,Mostly Cloudy,0,1,TWC,2025-08-07 11:12:15.379,2025-08-07 11:12:15.379,1,5.453079,26.0,38,UTC+0200,h6hg6DTKNp,c31f2eac-2b62-41bd-afc4-76d64e1632bb,com.sec.android.app.shealth,km/h,0,18.0,3,0b078e62-013d-4cb8-af33-4122db550648,
,0,2025-08-08 11:00:34.074,51.40727,,SW. 220,Cloudy,0,1,TWC,2025-08-08 11:00:34.079,2025-08-08 11:00:34.079,1,5.4530425,23.0,63,UTC+0200,h6hg6DTKNp,efc6954f-fb7f-4f27-977b-c6e8b9a01693,com.sec.android.app.shealth,km/h,0,14.0,3,fb8ce954-112c-49fb-80a5-6f3d149db233,
,0,2025-08-10 09:54:45.953,51.43818,,SW. 220,Fair,0,1,TWC,2025-08-10 09:54:45.968,2025-08-10 09:54:45.968,1,5.480844,24.0,52,UTC+0200,h6hg6DTKNp,b6b897e2-59a4-4cbd-aa3e-337c39b3e7f5,com.sec.android.app.shealth,km/h,0,8.0,1,9c8df3ec-6686-4d7a-8b6e-3cfdb40c9f0f,
,0,2025-08-11 11:52:21.303,51.407448,,E. 100,Sunny,0,1,TWC,2025-08-11 11:52:21.324,2025-08-11 11:52:21.324,1,5.4531136,29.0,31,UTC+0200,h6hg6DTKNp,b2365406-e10d-4c79-ae53-8c1d0cbdf2bc,com.sec.android.app.shealth,km/h,0,11.0,1,8400fc70-6338-432d-b343-f00dd6398d9b,
,0,2025-08-12 21:28:14.069,51.442547,,NNE. 30,Mostly Cloudy,0,1,TWC,2025-08-12 21:28:14.073,2025-08-12 21:28:14.073,1,5.464133,23.0,65,UTC+0200,h6hg6DTKNp,6e06f08c-f910-42b2-a941-f9df5ac68a45,com.sec.android.app.shealth,km/h,0,3.0,3,c69b38f2-f281-491a-b8c1-8088912d7473,
,0,2025-08-14 11:20:44.917,51.407314,,S. 190,Cloudy,0,1,TWC,2025-08-14 11:20:44.938,2025-08-14 11:20:44.938,1,5.4531517,32.0,39,UTC+0200,h6hg6DTKNp,3144a02b-56e6-462f-aa81-93ccc3181354,com.sec.android.app.shealth,km/h,0,11.0,3,de1a77de-f8ae-4ce7-9b06-4810655a4207,
,0,2025-08-15 10:55:57.427,51.40726,,NNW. 340,Mostly Cloudy,0,1,TWC,2025-08-15 10:55:57.436,2025-08-15 10:55:57.436,1,5.4531875,29.0,39,UTC+0200,h6hg6DTKNp,b06f8c7f-2542-4e96-901d-2e3ebdd749a5,com.sec.android.app.shealth,km/h,0,8.0,3,dd44b5fe-4176-444f-a3df-6b535bb36b0a,
,0,2025-08-15 22:55:28.291,51.442818,,N. 350,Partly Cloudy,0,1,TWC,2025-08-15 22:55:28.295,2025-08-15 22:55:28.295,1,5.465977,20.0,82,UTC+0200,h6hg6DTKNp,8a8d0584-33a1-4d46-9d9b-d85db1d29572,com.sec.android.app.shealth,km/h,0,11.0,19,72450a15-4920-47c5-bd17-f5a660ade5e7,
,0,2025-08-16 19:28:30.613,51.44274,,N. 0,Partly Cloudy,0,1,TWC,2025-08-16 19:28:30.633,2025-08-16 19:28:30.633,1,5.4659085,18.0,63,UTC+0200,h6hg6DTKNp,a6d1ad85-02e0-427c-8da6-54249b208c95,com.sec.android.app.shealth,km/h,0,11.0,19,d897fdd0-a44a-4a98-abd8-f1a03875d5c5,
,0,2025-08-17 20:04:14.971,51.44284,,NNW. 340,Cloudy,0,1,TWC,2025-08-17 20:04:14.975,2025-08-17 20:04:14.975,1,5.4658265,17.0,85,UTC+0200,h6hg6DTKNp,f67d1fae-e55c-4a3c-a06d-bd5a677b6313,com.sec.android.app.shealth,km/h,0,5.0,3,2c19d55a-f11d-4de0-b679-92960190bb22,
,0,2025-08-21 00:42:00.706,51.442783,,N. 350,Mostly Cloudy,0,1,TWC,2025-08-21 00:42:00.708,2025-08-21 00:42:00.708,1,5.465872,15.0,76,UTC+0200,h6hg6DTKNp,b7677f15-d1a2-48bd-809c-da61801041c7,com.sec.android.app.shealth,km/h,0,10.0,3,fd83a738-0d53-462e-b742-b6463ebc65d8,
,0,2025-08-22 10:43:19.701,51.40815,,WNW. 290,Cloudy,0,1,TWC,2025-08-22 10:43:19.708,2025-08-22 10:43:19.708,1,5.4589605,18.0,54,UTC+0200,h6hg6DTKNp,c50c4419-2a90-48a7-8931-1b4985c84f99,com.sec.android.app.shealth,km/h,0,10.0,3,1f083c59-2727-446c-b6c6-146ce77ff92c,
,0,2025-08-22 21:26:47.907,51.446026,,WNW. 300,Cloudy,0,1,TWC,2025-08-22 21:26:47.911,2025-08-22 21:26:47.911,1,5.453955,16.0,67,UTC+0200,h6hg6DTKNp,298b7eca-7d2b-472c-8e90-db036c34bead,com.sec.android.app.shealth,km/h,0,6.0,3,d92361ad-3185-4082-a5cc-c235c2eec695,
,0,2025-08-22 22:04:25.379,51.44283,,W. 260,Cloudy,0,1,TWC,2025-08-22 22:04:25.409,2025-08-22 22:04:25.409,1,5.465796,15.0,70,UTC+0200,h6hg6DTKNp,86e07394-6e4f-4b3f-9f83-56ad6bbd8a07,com.sec.android.app.shealth,km/h,0,3.0,3,59c2a2b3-f43f-46d9-a4ca-86b11cf5840b,
,0,2025-08-23 16:18:38.620,51.44281,,NNW. 340,Mostly Cloudy,0,1,TWC,2025-08-23 16:18:38.621,2025-08-23 16:18:38.621,1,5.4658704,20.0,41,UTC+0200,h6hg6DTKNp,3477923d-d00a-4a9b-8cec-35ccec5cc0ee,com.sec.android.app.shealth,km/h,0,14.0,3,f22546bc-07e5-48d7-999a-a91b5f9d1fb2,
,0,2025-08-24 19:49:25.632,51.44281,,NNE. 20,Clear,0,1,TWC,2025-08-24 19:49:25.636,2025-08-24 19:49:25.636,1,5.4655004,16.0,58,UTC+0200,h6hg6DTKNp,21c9a9b2-45fe-4928-bb19-eca9eda4202c,com.sec.android.app.shealth,km/h,0,5.0,18,0d293c9f-2b46-416f-848d-4a61d7fe42d9,
,0,2025-08-26 11:04:57.464,51.407265,,S. 180,Cloudy,0,1,TWC,2025-08-26 11:04:57.468,2025-08-26 11:04:57.468,1,5.453036,28.0,29,UTC+0200,h6hg6DTKNp,ba272519-78e0-4628-b24f-d5e70eab7576,com.sec.android.app.shealth,km/h,0,13.0,3,3be897f8-71d7-4ee8-899b-58db1865ad9b,
,0,2025-08-26 21:48:45.916,51.44283,,W. 280,Fair,0,1,TWC,2025-08-26 21:48:45.920,2025-08-26 21:48:45.920,1,5.465898,20.0,72,UTC+0200,h6hg6DTKNp,68aaeceb-f98f-41ab-a45d-a364a6295689,com.sec.android.app.shealth,km/h,0,5.0,18,716712c6-b7b7-4d3d-adc9-86aec2bd7f3d,
,0,2025-08-28 10:39:04.452,51.407276,,SSW. 210,Cloudy,0,1,TWC,2025-08-28 10:39:04.455,2025-08-28 10:39:04.455,1,5.453042,24.0,50,UTC+0200,h6hg6DTKNp,e1dd25bd-d2c1-4309-8e23-845da98b7609,com.sec.android.app.shealth,km/h,0,19.0,3,787029c3-dc78-4418-88a0-eb5928541a69,
,0,2025-08-29 19:15:08.790,51.440395,,SE. 140,Cloudy,0,1,TWC,2025-08-29 19:15:08.793,2025-08-29 19:15:08.793,1,5.4529166,15.0,97,UTC+0200,h6hg6DTKNp,9fd3f854-2c74-43fa-b742-132081d0fb04,com.sec.android.app.shealth,km/h,0,8.0,3,5ec2c94f-7b01-4475-b867-599304ba2260,
,0,2025-08-31 17:14:24.067,51.44062,,SSW. 200,Cloudy,0,1,TWC,2025-08-31 17:14:24.071,2025-08-31 17:14:24.071,1,5.4532104,22.0,74,UTC+0200,h6hg6DTKNp,aa99fe3b-84bf-4774-b7fb-eb6331ec1d01,com.sec.android.app.shealth,km/h,0,11.0,3,8bd6bab5-c2a2-4de5-a126-1e936da5a563,
,0,2025-09-01 11:20:13.366,51.40733,,S. 180,Partly Cloudy,0,1,TWC,2025-09-01 11:20:13.369,2025-09-01 11:20:13.369,1,5.4529853,21.0,64,UTC+0200,h6hg6DTKNp,715bd01d-097e-48ae-a543-8f73924dd61d,com.sec.android.app.shealth,km/h,0,16.0,2,13ec7fe9-041e-4c99-ad9b-023aeee09235,
,0,2025-09-02 11:09:57.539,51.40713,,SSW. 200,Partly Cloudy,0,1,TWC,2025-09-02 11:09:57.547,2025-09-02 11:09:57.547,1,5.453088,22.0,47,UTC+0200,h6hg6DTKNp,f4f7de22-e1c9-41f5-8519-cecb77a7c784,com.sec.android.app.shealth,km/h,0,24.0,2,d16f1146-bc25-4b0b-8655-033dc702ce0e,
,0,2025-09-02 20:00:52.438,51.44289,,SE. 130,Showers in the Vicinity,0,1,TWC,2025-09-02 20:00:52.459,2025-09-02 20:00:52.459,1,5.4658623,17.0,76,UTC+0200,h6hg6DTKNp,340686d6-739b-4992-83de-f81a7ff66436,com.sec.android.app.shealth,km/h,0,11.0,3,858df8dd-d9b2-40d3-a614-7931da5cf50d,
,0,2025-09-03 11:02:45.272,51.40726,,S. 190,Cloudy,0,1,TWC,2025-09-03 11:02:45.275,2025-09-03 11:02:45.275,1,5.453037,22.0,65,UTC+0200,h6hg6DTKNp,7bad5a9a-a54c-4d30-a08f-0b5a02a35ce9,com.sec.android.app.shealth,km/h,0,29.0,3,db206074-02df-4017-b080-d3f7edcdeb36,
,0,2025-09-04 20:26:37.434,51.442764,,S. 190,Cloudy,0,1,TWC,2025-09-04 20:26:37.459,2025-09-04 20:26:37.459,1,5.4658213,16.0,89,UTC+0200,h6hg6DTKNp,d0e31724-646c-48b4-9a65-4391094e6b0e,com.sec.android.app.shealth,km/h,0,6.0,3,c1f537d9-85d8-4661-b612-05539bffc235,
,0,2025-09-09 20:38:04.498,51.442684,,SSE. 160,Fair,0,1,TWC,2025-09-09 20:38:04.504,2025-09-09 20:38:04.504,1,5.4658103,12.0,92,UTC+0200,h6hg6DTKNp,ecfe1e10-26e4-4708-86f5-e48bce9003ec,com.sec.android.app.shealth,km/h,0,2.0,18,714d0cb3-524a-4c75-9128-91c607b14748,
,0,2025-09-10 11:04:24.652,51.407257,,SE. 130,Sunny,0,1,TWC,2025-09-10 11:04:24.655,2025-09-10 11:04:24.655,1,5.4530244,20.0,62,UTC+0200,h6hg6DTKNp,dbe00ddd-698c-407a-a00d-c7cf1ff31e51,com.sec.android.app.shealth,km/h,0,11.0,1,ad279116-2b4a-4f9f-b188-4b98e3c0b4d8,
,0,2025-09-12 11:05:21.138,51.40727,,SW. 220,Mostly Cloudy,0,1,TWC,2025-09-12 11:05:21.142,2025-09-12 11:05:21.142,1,5.4531994,18.0,57,UTC+0200,h6hg6DTKNp,df93382f-a1e5-41d8-80b8-c361262ea782,com.sec.android.app.shealth,km/h,0,26.0,3,b614d957-5321-45d2-b94e-5496767be6ee,
,0,2025-09-15 10:56:07.681,51.407253,,SW. 230,Partly Cloudy/Wind,0,1,TWC,2025-09-15 10:56:07.688,2025-09-15 10:56:07.688,1,5.4531026,19.0,61,UTC+0200,h6hg6DTKNp,c96bf03d-cd34-4251-8274-989d35985070,com.sec.android.app.shealth,km/h,0,34.0,2,5c16aa49-7f62-4ac2-858d-73ee0441a615,
,0,2025-09-18 10:56:12.877,51.40738,,SW. 220,Cloudy,0,1,TWC,2025-09-18 10:56:12.901,2025-09-18 10:56:12.901,1,5.453136,21.0,72,UTC+0200,h6hg6DTKNp,bb932779-1e6d-44c2-9437-b6c9441a664d,com.sec.android.app.shealth,km/h,0,23.0,3,ee77c0a0-beef-4cb5-ab90-65f5e78bcfe3,
