com.samsung.shealth.calories_burned.details,6311013,4
active_calories_goal,version,extra_data,exercise_calories,total_exercise_calories,com.samsung.shealth.calories_burned.create_sh_ver,com.samsung.shealth.calories_burned.tef_calorie,com.samsung.shealth.calories_burned.active_time,com.samsung.shealth.calories_burned.rest_calorie,com.samsung.shealth.calories_burned.modify_sh_ver,com.samsung.shealth.calories_burned.update_time,com.samsung.shealth.calories_burned.create_time,com.samsung.shealth.calories_burned.active_calorie,com.samsung.shealth.calories_burned.deviceuuid,com.samsung.shealth.calories_burned.pkg_name,com.samsung.shealth.calories_burned.datauuid,com.samsung.shealth.calories_burned.day_time
,,73a164c0-c648-4e02-8c78-4b2c92fed82d.extra_data.json,,0.0,62950170,0.0,0,1547.9169,62950170,2025-05-11 15:57:15.803,2025-05-11 15:57:15.788,0.0,h6hg6DTKNp,com.sec.android.app.shealth,73a164c0-c648-4e02-8c78-4b2c92fed82d,1744588800000,
,,41f01b85-d0aa-460b-9638-e92f1089bf69.extra_data.json,,0.0,62950170,0.0,0,1547.9169,62950170,2025-05-11 15:57:15.815,2025-05-11 15:57:15.676,0.0,h6hg6DTKNp,com.sec.android.app.shealth,41f01b85-d0aa-460b-9638-e92f1089bf69,1744675200000,
,,bc2ea02f-e48e-4868-8b66-054bdff63943.extra_data.json,,0.0,62950170,0.0,0,1547.9169,62950170,2025-05-11 15:57:15.822,2025-05-11 15:57:15.556,0.0,h6hg6DTKNp,com.sec.android.app.shealth,bc2ea02f-e48e-4868-8b66-054bdff63943,1744761600000,
,,332aae6d-cd0e-451d-ae3f-d13ce506b815.extra_data.json,,0.0,62950170,0.0,0,1547.9169,62950170,2025-05-11 15:57:15.827,2025-05-11 15:57:15.426,0.0,h6hg6DTKNp,com.sec.android.app.shealth,332aae6d-cd0e-451d-ae3f-d13ce506b815,1744848000000,
,,ab675b9a-1c91-46a0-90dd-351e1125852a.extra_data.json,,0.0,62950170,0.0,0,1887.8419,62950170,2025-05-15 15:29:44.559,2025-05-11 15:57:14.654,0.0,h6hg6DTKNp,com.sec.android.app.shealth,ab675b9a-1c91-46a0-90dd-351e1125852a,1745280000000,
,,8d74d979-8867-48f7-8f24-bd7b6f4841dd.extra_data.json,,0.0,62950170,0.0,0,1887.8419,62950170,2025-05-15 15:29:44.618,2025-05-11 15:57:14.477,0.0,h6hg6DTKNp,com.sec.android.app.shealth,8d74d979-8867-48f7-8f24-bd7b6f4841dd,1745366400000,
,,513f0ca6-087c-49bf-b0ee-476ac9b2f17c.extra_data.json,,0.0,62950170,0.0,0,1887.8419,62950170,2025-05-15 15:29:44.648,2025-05-11 15:57:14.328,0.0,h6hg6DTKNp,com.sec.android.app.shealth,513f0ca6-087c-49bf-b0ee-476ac9b2f17c,1745452800000,
,,4ec282f2-f51e-42cc-a5cc-e888db84aa55.extra_data.json,,0.0,62950170,0.0,0,1887.8419,62950170,2025-05-15 15:29:44.672,2025-05-11 15:57:14.195,0.0,h6hg6DTKNp,com.sec.android.app.shealth,4ec282f2-f51e-42cc-a5cc-e888db84aa55,1745539200000,
,,efb45e56-9cf8-4a50-86d2-ab98f2750da8.extra_data.json,,0.0,62950170,0.0,0,1887.8419,62950170,2025-05-15 15:29:45.974,2025-05-11 15:57:13.453,0.0,h6hg6DTKNp,com.sec.android.app.shealth,efb45e56-9cf8-4a50-86d2-ab98f2750da8,1746057600000,
,,08ed1fd8-705a-4b45-8c40-34e09c4c21b9.extra_data.json,,0.0,62950170,0.0,0,1887.8419,62950170,2025-05-15 15:29:44.271,2025-05-11 15:57:15.238,0.0,h6hg6DTKNp,com.sec.android.app.shealth,08ed1fd8-705a-4b45-8c40-34e09c4c21b9,1744934400000,
,,624af60c-6ffc-4195-8c20-122e2a451b6d.extra_data.json,,0.0,62950170,0.0,0,1887.8419,62950170,2025-05-15 15:29:44.770,2025-05-11 15:57:14.075,0.0,h6hg6DTKNp,com.sec.android.app.shealth,624af60c-6ffc-4195-8c20-122e2a451b6d,1745625600000,
,,834c6154-8439-4355-828b-9aaf081070cb.extra_data.json,,0.0,62950170,0.0,0,1887.8419,62950170,2025-05-15 15:29:44.351,2025-05-11 15:57:15.106,0.0,h6hg6DTKNp,com.sec.android.app.shealth,834c6154-8439-4355-828b-9aaf081070cb,1745020800000,
,,4792cd55-3486-4116-85c4-7fda154dbff2.extra_data.json,,0.0,62950170,0.0,0,1887.8419,62950170,2025-05-15 15:29:44.448,2025-05-11 15:57:14.979,0.0,h6hg6DTKNp,com.sec.android.app.shealth,4792cd55-3486-4116-85c4-7fda154dbff2,1745107200000,
,,d3e82927-4b24-4575-962a-f23bd95a23ec.extra_data.json,,0.0,62950170,0.0,0,1887.8419,62950170,2025-05-15 15:29:45.522,2025-05-11 15:57:13.569,0.0,h6hg6DTKNp,com.sec.android.app.shealth,d3e82927-4b24-4575-962a-f23bd95a23ec,1745971200000,
,,8b142645-75d3-4a6c-aed2-52ef8fb8e3a2.extra_data.json,,0.0,62950170,0.0,0,1887.8419,62950170,2025-05-15 15:29:44.511,2025-05-11 15:57:14.843,0.0,h6hg6DTKNp,com.sec.android.app.shealth,8b142645-75d3-4a6c-aed2-52ef8fb8e3a2,1745193600000,
,,6f793756-0e00-47e1-a14a-a6f4e16c1b60.extra_data.json,,0.0,62950170,0.0,0,1887.8419,62950170,2025-05-15 15:29:46.701,2025-05-11 15:57:13.335,0.0,h6hg6DTKNp,com.sec.android.app.shealth,6f793756-0e00-47e1-a14a-a6f4e16c1b60,1746144000000,
,,a0af7cc6-5f3e-4d24-9e85-6276bbdafc5a.extra_data.json,,0.0,62950170,0.0,0,1887.8419,62950170,2025-05-15 15:29:47.175,2025-05-11 15:57:13.213,0.0,h6hg6DTKNp,com.sec.android.app.shealth,a0af7cc6-5f3e-4d24-9e85-6276bbdafc5a,1746230400000,
,,1ae87ce4-25f0-41a7-8f3a-fd196b0fafba.extra_data.json,,0.0,62950170,0.0,0,1887.8419,62950170,2025-05-15 15:29:45.021,2025-05-11 15:57:13.973,0.0,h6hg6DTKNp,com.sec.android.app.shealth,1ae87ce4-25f0-41a7-8f3a-fd196b0fafba,1745712000000,
,,017778e1-eb84-4f35-994c-8e0d12109476.extra_data.json,,0.0,62950170,0.0,0,1887.8419,62950170,2025-05-15 15:29:45.268,2025-05-11 15:57:13.824,0.0,h6hg6DTKNp,com.sec.android.app.shealth,017778e1-eb84-4f35-994c-8e0d12109476,1745798400000,
,,3b2f3aa5-f9d3-4f3b-b644-eb42c754edfa.extra_data.json,,0.0,62950170,0.0,0,1887.8419,62950170,2025-05-15 15:29:45.384,2025-05-11 15:57:13.714,0.0,h6hg6DTKNp,com.sec.android.app.shealth,3b2f3aa5-f9d3-4f3b-b644-eb42c754edfa,1745884800000,
,,e890b221-04fd-4f79-b783-d72f59e5fe1e.extra_data.json,,0.0,62950170,0.0,0,1887.8419,62950170,2025-05-15 15:29:47.392,2025-05-11 15:57:13.090,0.0,h6hg6DTKNp,com.sec.android.app.shealth,e890b221-04fd-4f79-b783-d72f59e5fe1e,1746316800000,
,,9a75aefb-c743-413d-8a8d-bb39c5054a4f.extra_data.json,,0.0,62950170,0.0,0,1887.8419,62950170,2025-05-31 23:20:54.727,2025-05-11 15:57:12.964,0.0,h6hg6DTKNp,com.sec.android.app.shealth,9a75aefb-c743-413d-8a8d-bb39c5054a4f,1746403200000,
,,56128090-e6e1-47b3-b804-024e2df43f3c.extra_data.json,,0.0,62950170,0.0,0,1887.8419,62950170,2025-06-02 21:21:50.371,2025-05-11 15:57:12.840,0.0,h6hg6DTKNp,com.sec.android.app.shealth,56128090-e6e1-47b3-b804-024e2df43f3c,1746489600000,
,,71fd73c5-7097-48ca-8501-b49c4ecf9abe.extra_data.json,,0.0,62950170,0.0,0,1887.8419,62950170,2025-06-02 23:18:24.484,2025-05-11 15:57:12.671,0.0,h6hg6DTKNp,com.sec.android.app.shealth,71fd73c5-7097-48ca-8501-b49c4ecf9abe,1746576000000,
,,3fa8f92a-7beb-4009-aa51-2c8174ea265c.extra_data.json,,0.0,62950170,0.0,0,1887.8419,62950170,2025-06-02 23:18:24.498,2025-05-11 15:57:12.383,0.0,h6hg6DTKNp,com.sec.android.app.shealth,3fa8f92a-7beb-4009-aa51-2c8174ea265c,1746662400000,
,,75d20d2b-5df5-4d12-8cd0-25aec76053ba.extra_data.json,,0.0,62950170,0.0,0,1887.8419,63010030,2025-06-05 11:04:31.572,2025-05-11 15:57:12.236,0.0,h6hg6DTKNp,com.sec.android.app.shealth,75d20d2b-5df5-4d12-8cd0-25aec76053ba,1746748800000,
,,e9924f89-f057-45a5-baa6-d86d5791e61f.extra_data.json,,0.0,62950170,0.0,0,1887.8419,63010030,2025-06-05 11:04:31.626,2025-05-11 15:57:12.120,0.0,h6hg6DTKNp,com.sec.android.app.shealth,e9924f89-f057-45a5-baa6-d86d5791e61f,1746835200000,
,,20d47257-180c-4f89-b25c-81c5b75d7151.extra_data.json,,85.0,62950170,0.0,1787630,1848.7821,63010030,2025-06-07 05:14:34.844,2025-05-11 15:57:11.529,101.11726,h6hg6DTKNp,com.sec.android.app.shealth,20d47257-180c-4f89-b25c-81c5b75d7151,1746921600000,
,,5f9ffd95-f9b0-41cd-91c4-d05ed21f8c4e.extra_data.json,,56.0,62950170,0.0,2589918,1831.2522,63010030,2025-06-08 18:54:48.950,2025-05-11 22:00:48.921,202.10219,h6hg6DTKNp,com.sec.android.app.shealth,5f9ffd95-f9b0-41cd-91c4-d05ed21f8c4e,1747008000000,
,,58d22f9f-1419-4e88-a55f-01e786aec208.extra_data.json,,0.0,62950170,0.0,3002871,1822.2291,63010030,2025-06-09 20:27:11.428,2025-05-12 22:00:01.225,234.11,h6hg6DTKNp,com.sec.android.app.shealth,58d22f9f-1419-4e88-a55f-01e786aec208,1747094400000,
,,cd8a7312-c423-4ed1-a682-c815ff92b56b.extra_data.json,,279.0,62950170,0.0,5560853,1766.3372,63010030,2025-06-10 20:52:02.902,2025-05-13 22:00:01.768,449.0395,h6hg6DTKNp,com.sec.android.app.shealth,cd8a7312-c423-4ed1-a682-c815ff92b56b,1747180800000,
,,24f791c1-6014-4161-98fa-26cc695af241.extra_data.json,,0.0,62950170,0.0,3253813,1816.746,63010030,2025-06-10 20:52:02.914,2025-05-14 22:00:15.048,247.31992,h6hg6DTKNp,com.sec.android.app.shealth,24f791c1-6014-4161-98fa-26cc695af241,1747267200000,
,,91f27099-bc09-4fa8-b222-54e4e668771b.extra_data.json,,143.0,62950170,0.0,3819641,1804.3827,63010030,2025-06-10 20:52:02.922,2025-05-15 22:03:26.934,310.69934,h6hg6DTKNp,com.sec.android.app.shealth,91f27099-bc09-4fa8-b222-54e4e668771b,1747353600000,
,,cecf0e73-1bbe-452a-bb84-29cb1d6179e7.extra_data.json,,0.0,62950170,0.0,449558,1878.019,63010030,2025-06-10 20:52:02.934,2025-05-16 22:00:00.765,32.759995,h6hg6DTKNp,com.sec.android.app.shealth,cecf0e73-1bbe-452a-bb84-29cb1d6179e7,1747440000000,
,,e6bd9ebd-7645-44bb-afc9-2347a4dfc405.extra_data.json,,0.0,62950170,0.0,2182911,1840.1453,63010030,2025-06-14 20:47:17.530,2025-05-17 22:00:01.403,162.48996,h6hg6DTKNp,com.sec.android.app.shealth,e6bd9ebd-7645-44bb-afc9-2347a4dfc405,1747526400000,
,,ac86419b-c469-4bd4-8f96-3d8448645ba4.extra_data.json,,0.0,62950170,0.0,4049154,1799.3679,63010030,2025-06-15 02:18:29.914,2025-05-18 22:00:03.832,311.89008,h6hg6DTKNp,com.sec.android.app.shealth,ac86419b-c469-4bd4-8f96-3d8448645ba4,1747612800000,
,,4e54aa50-7df6-4a67-b189-e5592f9a0138.extra_data.json,,0.0,62950170,0.0,4112519,1797.9833,63010030,2025-06-16 19:47:53.806,2025-05-19 22:00:01.505,314.67993,h6hg6DTKNp,com.sec.android.app.shealth,4e54aa50-7df6-4a67-b189-e5592f9a0138,1747699200000,
,,424f643a-1b9d-42f3-97e7-12ce2060d3fc.extra_data.json,,0.0,62950170,0.0,3255027,1816.7196,63010030,2025-06-16 19:47:53.817,2025-05-20 22:00:00.916,247.50996,h6hg6DTKNp,com.sec.android.app.shealth,424f643a-1b9d-42f3-97e7-12ce2060d3fc,1747785600000,
,,c9b5b8f4-736d-4e08-94c2-ead0c250646d.extra_data.json,,0.0,62950170,0.0,4112489,1797.984,63010030,2025-06-18 06:22:42.496,2025-05-21 22:00:02.784,320.74002,h6hg6DTKNp,com.sec.android.app.shealth,c9b5b8f4-736d-4e08-94c2-ead0c250646d,1747872000000,
,,62a4d0a5-14b7-406c-b49a-ac0f952a7e42.extra_data.json,,64.0,62950170,0.0,2755384,1827.6367,63010030,2025-06-18 06:22:42.668,2025-05-22 22:00:04.977,205.24802,h6hg6DTKNp,com.sec.android.app.shealth,62a4d0a5-14b7-406c-b49a-ac0f952a7e42,1747958400000,
,,8e57c48c-1eeb-459f-9035-bac81f00215e.extra_data.json,,0.0,62950170,0.0,963755,1866.7839,63010030,2025-06-18 06:22:42.737,2025-05-23 22:00:04.798,72.03,h6hg6DTKNp,com.sec.android.app.shealth,8e57c48c-1eeb-459f-9035-bac81f00215e,1748044800000,
,,c9aaad1b-601a-4302-914d-0dc97bba8a84.extra_data.json,,0.0,62950170,0.0,902451,1868.1234,63010030,2025-06-18 06:22:42.821,2025-05-24 22:00:01.751,65.53,h6hg6DTKNp,com.sec.android.app.shealth,c9aaad1b-601a-4302-914d-0dc97bba8a84,1748131200000,
,,362ba3b4-e3fc-4b8c-9222-062139d2aec7.extra_data.json,,0.0,62950170,0.0,2671342,1829.473,63010030,2025-06-18 06:22:42.875,2025-05-25 22:06:56.322,215.08,h6hg6DTKNp,com.sec.android.app.shealth,362ba3b4-e3fc-4b8c-9222-062139d2aec7,1748217600000,
,,561682f0-5978-442f-bfc3-3a3ed762a9b4.extra_data.json,,140.0,62950170,0.0,4329691,1793.2382,63010030,2025-06-23 08:17:05.076,2025-05-26 22:00:02.547,345.17,h6hg6DTKNp,com.sec.android.app.shealth,561682f0-5978-442f-bfc3-3a3ed762a9b4,1748304000000,
,,5c7b5fe5-07ef-46ac-a111-c597e5abfd57.extra_data.json,,0.0,62950170,0.0,3037525,1821.4719,63010030,2025-06-23 08:17:05.088,2025-05-27 22:00:01.216,239.73,h6hg6DTKNp,com.sec.android.app.shealth,5c7b5fe5-07ef-46ac-a111-c597e5abfd57,1748390400000,
,,0b3679cb-045e-4790-81fd-ecc41059d140.extra_data.json,,0.0,62950170,0.0,1847530,1847.4734,63010030,2025-06-23 08:17:05.093,2025-05-28 22:01:50.693,137.45,h6hg6DTKNp,com.sec.android.app.shealth,0b3679cb-045e-4790-81fd-ecc41059d140,1748476800000,
,,2b28ae82-f2fd-4c14-ba01-92b0d5e23691.extra_data.json,,0.0,62950170,0.0,2526026,1832.6483,63010030,2025-06-23 08:17:05.098,2025-05-29 22:00:00.928,195.37001,h6hg6DTKNp,com.sec.android.app.shealth,2b28ae82-f2fd-4c14-ba01-92b0d5e23691,1748563200000,
,,7a5512b3-8d6b-4a7a-badb-9dd378a784a6.extra_data.json,,307.0,62950170,0.0,6734663,1740.6895,63020270,2025-06-27 07:35:14.740,2025-05-31 22:00:01.388,522.87,h6hg6DTKNp,com.sec.android.app.shealth,7a5512b3-8d6b-4a7a-badb-9dd378a784a6,1748736000000,
,,bfc15fb7-b57a-4ac2-a759-413c9b8a42ba.extra_data.json,,348.0,62950170,0.0,6868187,1737.772,63020270,2025-06-27 07:35:14.747,2025-06-01 22:00:02.132,558.95404,h6hg6DTKNp,com.sec.android.app.shealth,bfc15fb7-b57a-4ac2-a759-413c9b8a42ba,1748822400000,
,,2e6983d9-6b65-46fe-b65f-ac018c73a460.extra_data.json,,0.0,62950170,0.0,356845,1880.0448,63020270,2025-06-27 07:35:14.725,2025-05-30 22:27:40.566,26.199999,h6hg6DTKNp,com.sec.android.app.shealth,2e6983d9-6b65-46fe-b65f-ac018c73a460,1748649600000,
,,70e42ecd-b998-4f76-bd54-6a1e56da5abb.extra_data.json,,228.0,62950170,0.0,6741634,1740.5371,63020270,2025-06-27 07:35:14.761,2025-06-02 22:00:00.823,531.38,h6hg6DTKNp,com.sec.android.app.shealth,70e42ecd-b998-4f76-bd54-6a1e56da5abb,1748908800000,
,,073225e1-0d3a-4088-a650-c482f7d9f4d7.extra_data.json,,270.0,62950170,0.0,6745143,1740.4604,63020270,2025-06-27 07:35:14.782,2025-06-03 22:00:02.084,532.9864,h6hg6DTKNp,com.sec.android.app.shealth,073225e1-0d3a-4088-a650-c482f7d9f4d7,1748995200000,
,,e358fc16-6e9e-4acb-b954-5bde253fc7da.extra_data.json,,396.0,62950170,0.0,7229551,1729.8761,63020270,2025-07-02 02:40:26.326,2025-06-04 22:00:00.943,590.7878,h6hg6DTKNp,com.sec.android.app.shealth,e358fc16-6e9e-4acb-b954-5bde253fc7da,1749081600000,
,,057aa0b3-2989-4543-b1a2-b8add98dafd8.extra_data.json,,165.0,63010030,0.0,6473762,1746.3901,63020270,2025-07-03 16:08:44.279,2025-06-05 22:00:00.995,517.1898,h6hg6DTKNp,com.sec.android.app.shealth,057aa0b3-2989-4543-b1a2-b8add98dafd8,1749168000000,
,,10ba58ad-97fe-4266-9a66-55f825182d77.extra_data.json,,393.0,63010030,0.0,6540331,1744.9357,63020270,2025-07-04 15:08:16.405,2025-06-06 22:00:03.866,542.93,h6hg6DTKNp,com.sec.android.app.shealth,10ba58ad-97fe-4266-9a66-55f825182d77,1749254400000,
,,7d7263c9-a97c-4276-bfc6-afa342789f33.extra_data.json,,481.0,63010030,0.0,6895880,1737.1669,63020310,2025-07-05 10:23:28.529,2025-06-07 22:00:00.918,558.9445,h6hg6DTKNp,com.sec.android.app.shealth,7d7263c9-a97c-4276-bfc6-afa342789f33,1749340800000,
,,369ac0a8-01a9-4651-a654-a3a3f96dd4bb.extra_data.json,,241.0,63010030,0.0,7020613,1759.0583,63020310,2025-07-05 10:23:28.556,2025-06-08 22:00:02.097,537.58,h6hg6DTKNp,com.sec.android.app.shealth,369ac0a8-01a9-4651-a654-a3a3f96dd4bb,1749427200000,
,,dd8477b0-c90d-4652-8924-235f8af2156b.extra_data.json,,293.0,63010030,0.0,6338276,1774.1791,63020310,2025-07-07 11:37:04.474,2025-06-09 22:00:00.837,506.92215,h6hg6DTKNp,com.sec.android.app.shealth,dd8477b0-c90d-4652-8924-235f8af2156b,1749513600000,
,,1fbb81f3-0da1-4e90-a3f2-c7b8d58c02a8.extra_data.json,,238.0,63010030,0.0,6815110,1763.6123,63020310,2025-07-07 11:37:04.487,2025-06-10 22:00:00.795,545.25995,h6hg6DTKNp,com.sec.android.app.shealth,1fbb81f3-0da1-4e90-a3f2-c7b8d58c02a8,1749600000000,
,,6f21a715-565e-4e24-b595-0cbf4c7d6df5.extra_data.json,,104.0,63010030,0.0,6312503,1774.7501,63020310,2025-07-09 18:02:07.805,2025-06-11 22:00:00.734,501.28,h6hg6DTKNp,com.sec.android.app.shealth,6f21a715-565e-4e24-b595-0cbf4c7d6df5,1749686400000,
,,7b9d4bac-e876-46e3-83e3-4e8e0ce72bf0.extra_data.json,,144.0,63010030,0.0,7064345,1758.0892,63020310,2025-07-10 12:50:07.564,2025-06-12 22:00:02.578,552.49744,h6hg6DTKNp,com.sec.android.app.shealth,7b9d4bac-e876-46e3-83e3-4e8e0ce72bf0,1749772800000,
,,adba54a3-b39c-4298-9e92-7aa01442722d.extra_data.json,,465.0,63010030,0.0,10852212,1674.1497,63020310,2025-07-11 18:46:04.421,2025-06-13 22:00:00.992,840.8699,h6hg6DTKNp,com.sec.android.app.shealth,adba54a3-b39c-4298-9e92-7aa01442722d,1749859200000,
,,4add379b-ef64-4aa4-8966-aede43330bed.extra_data.json,,352.0,63010030,0.0,7429131,1750.0056,63020310,2025-07-12 14:50:33.218,2025-06-14 22:00:00.622,514.7999,h6hg6DTKNp,com.sec.android.app.shealth,4add379b-ef64-4aa4-8966-aede43330bed,1749945600000,
,,07ba2baf-b135-43cc-a972-032f3607f0f0.extra_data.json,,85.0,63010030,0.0,7063618,1758.1053,63020310,2025-07-13 21:13:19.222,2025-06-15 22:00:00.691,566.8499,h6hg6DTKNp,com.sec.android.app.shealth,07ba2baf-b135-43cc-a972-032f3607f0f0,1750032000000,
,,435c398a-9528-49f6-a33a-06e5e2dcd09f.extra_data.json,,384.0,63010030,0.0,7808053,1741.6085,63020310,2025-07-14 15:47:27.551,2025-06-16 22:00:00.686,614.4408,h6hg6DTKNp,com.sec.android.app.shealth,435c398a-9528-49f6-a33a-06e5e2dcd09f,1750118400000,
,,05724a66-8d1f-4c12-819b-813846c02383.extra_data.json,,0.0,63010030,0.0,8247213,1731.8767,63020310,2025-07-15 19:54:38.961,2025-06-17 22:00:01.040,657.6699,h6hg6DTKNp,com.sec.android.app.shealth,05724a66-8d1f-4c12-819b-813846c02383,1750204800000,
,,16cc3fa5-e70a-47f9-ba45-7cc01c42f0da.extra_data.json,,0.0,63010030,0.0,7235974,1754.2859,63020310,2025-07-15 19:54:39.872,2025-06-18 22:00:00.949,568.55,h6hg6DTKNp,com.sec.android.app.shealth,16cc3fa5-e70a-47f9-ba45-7cc01c42f0da,1750291200000,
,,407a9ed0-b56a-492a-8345-865d8cdf8916.extra_data.json,,123.0,63010030,0.0,7186392,1755.3846,63030110,2025-07-17 12:27:49.251,2025-06-19 22:00:04.550,565.33997,h6hg6DTKNp,com.sec.android.app.shealth,407a9ed0-b56a-492a-8345-865d8cdf8916,1750377600000,
,,3203ea8d-80e3-4068-9c0f-f3c1963f027d.extra_data.json,,558.0,63010030,0.0,9160661,1711.6345,63030110,2025-07-17 12:27:49.262,2025-06-20 22:00:00.507,743.36993,h6hg6DTKNp,com.sec.android.app.shealth,3203ea8d-80e3-4068-9c0f-f3c1963f027d,1750464000000,
,,20577f78-ab7f-4694-b2b2-3366c0d9db86.extra_data.json,,314.0,63010030,0.0,9272849,1709.1486,63030110,2025-07-19 09:35:32.180,2025-06-21 22:00:01.086,725.49,h6hg6DTKNp,com.sec.android.app.shealth,20577f78-ab7f-4694-b2b2-3366c0d9db86,1750550400000,
,,6df8f594-de9b-479c-91db-3e748182a261.extra_data.json,,0.0,63010030,0.0,6536321,1769.7904,63030110,2025-07-20 18:25:08.926,2025-06-22 22:00:00.830,515.6401,h6hg6DTKNp,com.sec.android.app.shealth,6df8f594-de9b-479c-91db-3e748182a261,1750636800000,
,,e1c0f708-db9a-4530-afc1-39684bc191eb.extra_data.json,,0.0,63010030,0.0,6949734,1760.629,63030110,2025-07-20 18:25:08.953,2025-06-23 22:00:19.359,540.7899,h6hg6DTKNp,com.sec.android.app.shealth,e1c0f708-db9a-4530-afc1-39684bc191eb,1750723200000,
,,cc8c4e7a-df4b-4464-aafe-2ca65617e84c.extra_data.json,,0.0,63010030,0.0,8470381,1726.9313,63030110,2025-07-20 18:25:08.970,2025-06-24 22:00:00.675,658.32983,h6hg6DTKNp,com.sec.android.app.shealth,cc8c4e7a-df4b-4464-aafe-2ca65617e84c,1750809600000,
,,e1759be5-ca29-414c-89b3-4992e0461fe7.extra_data.json,,0.0,63010030,0.0,8403884,1728.4048,63030110,2025-07-20 18:25:09.001,2025-06-25 22:00:04.435,652.0502,h6hg6DTKNp,com.sec.android.app.shealth,e1759be5-ca29-414c-89b3-4992e0461fe7,1750896000000,
,,1b31b9b5-d2e2-44db-9ce1-9affec5dbe86.extra_data.json,,449.0,63010030,0.0,8178152,1733.4071,63030110,2025-07-20 18:25:09.022,2025-06-26 22:00:00.757,636.79004,h6hg6DTKNp,com.sec.android.app.shealth,1b31b9b5-d2e2-44db-9ce1-9affec5dbe86,1750982400000,
,,a5c6de57-cf89-4e30-a699-f2797baac4c2.extra_data.json,,256.0,63020270,0.0,8678433,1722.3208,63030110,2025-07-25 14:20:57.338,2025-06-27 22:00:00.779,646.306,h6hg6DTKNp,com.sec.android.app.shealth,a5c6de57-cf89-4e30-a699-f2797baac4c2,1751068800000,
,,0368b770-4bf1-4cfa-88ab-ba6828d20e87.extra_data.json,,281.0,63020270,0.0,9895760,1695.3447,63030110,2025-07-25 14:20:57.536,2025-06-28 22:00:01.219,786.2699,h6hg6DTKNp,com.sec.android.app.shealth,0368b770-4bf1-4cfa-88ab-ba6828d20e87,1751155200000,
,,c7d4d831-9ec0-48a6-9cbf-f47787e41605.extra_data.json,,0.0,63020270,0.0,2622831,1856.5138,63030110,2025-07-27 19:59:31.387,2025-06-29 22:00:09.196,200.18993,h6hg6DTKNp,com.sec.android.app.shealth,c7d4d831-9ec0-48a6-9cbf-f47787e41605,1751241600000,
,,29b5b98a-94da-4793-ab40-6d2fdd450e7d.extra_data.json,,0.0,63020270,0.0,4381023,1817.552,63030110,2025-07-27 19:59:31.478,2025-06-30 22:00:00.803,338.03015,h6hg6DTKNp,com.sec.android.app.shealth,29b5b98a-94da-4793-ab40-6d2fdd450e7d,1751328000000,
,,39c3c674-92bc-4f41-b237-7d2629c4be57.extra_data.json,,0.0,63020270,0.0,4081530,1824.1888,63030110,2025-07-27 19:59:31.549,2025-07-01 22:00:00.605,311.91,h6hg6DTKNp,com.sec.android.app.shealth,39c3c674-92bc-4f41-b237-7d2629c4be57,1751414400000,
,,6e0adee7-8c80-4309-97c0-4b2376daadfb.extra_data.json,,0.0,63020270,0.0,6257381,1775.9717,63030110,2025-07-30 20:51:48.470,2025-07-03 22:00:01.513,473.71994,h6hg6DTKNp,com.sec.android.app.shealth,6e0adee7-8c80-4309-97c0-4b2376daadfb,1751587200000,
,,387f6d5e-fb27-4d08-a7c3-0b9fcad0c39e.extra_data.json,,65.0,63020270,0.0,2289861,1863.8925,63030110,2025-07-30 20:51:48.447,2025-07-02 22:00:02.334,181.3225,h6hg6DTKNp,com.sec.android.app.shealth,387f6d5e-fb27-4d08-a7c3-0b9fcad0c39e,1751500800000,
,,cbc6a7cc-e8b9-4e95-a84d-0aa096672c36.extra_data.json,,0.0,63020270,0.0,1637511,1878.3486,63030110,2025-08-01 15:02:32.484,2025-07-04 22:00:00.618,126.63,h6hg6DTKNp,com.sec.android.app.shealth,cbc6a7cc-e8b9-4e95-a84d-0aa096672c36,1751673600000,
,,11c1e953-4806-45ab-8ca5-6d7f8627f610.extra_data.json,,0.0,63020310,0.0,2523287,1858.7197,63030110,2025-08-01 15:02:32.559,2025-07-05 22:00:01.729,192.13998,h6hg6DTKNp,com.sec.android.app.shealth,11c1e953-4806-45ab-8ca5-6d7f8627f610,1751760000000,
,,1a361d83-0eb5-4111-8c45-2a8fd3ba1332.extra_data.json,,0.0,63020310,0.0,3234890,1842.9506,63030110,2025-08-01 15:02:32.838,2025-07-06 22:00:00.647,241.79,h6hg6DTKNp,com.sec.android.app.shealth,1a361d83-0eb5-4111-8c45-2a8fd3ba1332,1751846400000,
,,27bb25a7-f5bd-462e-a29c-aea0e8149853.extra_data.json,,0.0,63020310,0.0,5549140,1791.6665,63030110,2025-08-01 15:02:33.271,2025-07-07 22:00:00.658,414.87982,h6hg6DTKNp,com.sec.android.app.shealth,27bb25a7-f5bd-462e-a29c-aea0e8149853,1751932800000,
,,001c63d2-ec8e-4682-9b91-df0a390df397.extra_data.json,,0.0,63020310,0.0,3284188,1841.858,63030110,2025-08-01 15:02:33.546,2025-07-08 22:00:01.076,246.06999,h6hg6DTKNp,com.sec.android.app.shealth,001c63d2-ec8e-4682-9b91-df0a390df397,1752019200000,
,,c3667151-6eca-4848-9bd8-1785246e38f0.extra_data.json,,0.0,63020310,0.0,6345328,1774.0228,63030110,2025-08-01 15:02:33.618,2025-07-09 22:00:00.705,479.8799,h6hg6DTKNp,com.sec.android.app.shealth,c3667151-6eca-4848-9bd8-1785246e38f0,1752105600000,
,,6f0aba6d-f857-4eeb-8795-79812b81077c.extra_data.json,,0.0,63020310,0.0,2464415,1860.0243,63030110,2025-08-01 15:02:33.782,2025-07-10 22:00:01.144,184.62999,h6hg6DTKNp,com.sec.android.app.shealth,6f0aba6d-f857-4eeb-8795-79812b81077c,1752192000000,
,,3d88f207-b689-4347-b0b6-e0061a8c8d5a.extra_data.json,,0.0,63020310,0.0,4406569,1816.986,63030110,2025-08-01 15:02:33.871,2025-07-11 22:00:01.010,329.5901,h6hg6DTKNp,com.sec.android.app.shealth,3d88f207-b689-4347-b0b6-e0061a8c8d5a,1752278400000,
,,7c14f795-c8e4-4494-831e-90ce7109f6ed.extra_data.json,,0.0,63020310,0.0,2422496,1860.9532,63030110,2025-08-09 19:14:39.243,2025-07-12 22:00:00.750,181.09,h6hg6DTKNp,com.sec.android.app.shealth,7c14f795-c8e4-4494-831e-90ce7109f6ed,1752364800000,
,,7150d3da-621b-4a74-8998-7d54bba7f202.extra_data.json,,0.0,63020310,0.0,2355664,1862.4343,63030110,2025-08-09 22:34:24.335,2025-07-13 22:00:01.926,177.98999,h6hg6DTKNp,com.sec.android.app.shealth,7150d3da-621b-4a74-8998-7d54bba7f202,1752451200000,
,,6a39d5da-b646-4833-bf9f-ae22f135a7f8.extra_data.json,,0.0,63020310,0.0,4754840,1809.2682,63030110,2025-08-11 21:33:49.815,2025-07-16 22:00:00.804,361.48,h6hg6DTKNp,com.sec.android.app.shealth,6a39d5da-b646-4833-bf9f-ae22f135a7f8,1752710400000,
,,d8545ad0-f964-4831-92d9-cb2ba2b88a35.extra_data.json,,126.0,63030110,0.0,7692928,1744.1598,63030110,2025-08-11 21:33:49.846,2025-07-17 22:00:00.737,602.50006,h6hg6DTKNp,com.sec.android.app.shealth,d8545ad0-f964-4831-92d9-cb2ba2b88a35,1752796800000,
,,8dff127d-de86-4a60-9340-098fa74825e0.extra_data.json,,0.0,63030110,0.0,1880790,1872.9575,63030110,2025-08-11 21:33:49.860,2025-07-18 22:00:01.494,142.94,h6hg6DTKNp,com.sec.android.app.shealth,8dff127d-de86-4a60-9340-098fa74825e0,1752883200000,
,,76454c51-b37a-4d38-b13d-41f962802445.extra_data.json,,0.0,63030110,0.0,9853065,1696.2909,63030110,2025-08-11 21:33:49.879,2025-07-19 22:00:01.481,754.24005,h6hg6DTKNp,com.sec.android.app.shealth,76454c51-b37a-4d38-b13d-41f962802445,1752969600000,
,,2b118446-310f-4312-98af-c0a380f44fda.extra_data.json,,0.0,63030110,0.0,4211422,1821.3104,63030110,2025-08-11 21:33:49.885,2025-07-20 22:00:00.994,333.76004,h6hg6DTKNp,com.sec.android.app.shealth,2b118446-310f-4312-98af-c0a380f44fda,1753056000000,
,,ac14c242-005a-4b9d-bc28-af9b018a7d60.extra_data.json,,0.0,63030110,0.0,6804208,1763.8539,63030110,2025-08-11 21:33:49.927,2025-07-21 22:00:15.696,532.6402,h6hg6DTKNp,com.sec.android.app.shealth,ac14c242-005a-4b9d-bc28-af9b018a7d60,1753142400000,
,,4e44c9d5-8070-4f72-9964-bb7e42ac2b0a.extra_data.json,,0.0,63030110,0.0,6524218,1770.0586,63030110,2025-08-11 21:33:49.961,2025-07-22 22:00:00.809,507.93,h6hg6DTKNp,com.sec.android.app.shealth,4e44c9d5-8070-4f72-9964-bb7e42ac2b0a,1753228800000,
,,5e3b7899-ffd3-4d8f-83c3-5456e64fcd75.extra_data.json,,0.0,63030110,0.0,2131522,1867.4014,63030110,2025-08-11 21:33:50.014,2025-07-23 22:00:00.676,161.72997,h6hg6DTKNp,com.sec.android.app.shealth,5e3b7899-ffd3-4d8f-83c3-5456e64fcd75,1753315200000,
,,32ac1cb5-2a53-400e-88ec-4c4b2e02955a.extra_data.json,,0.0,63020310,0.0,5589871,1790.7638,63030110,2025-08-11 21:33:49.637,2025-07-14 22:00:01.908,432.42004,h6hg6DTKNp,com.sec.android.app.shealth,32ac1cb5-2a53-400e-88ec-4c4b2e02955a,1752537600000,
,,b971c425-c54a-4617-9e07-d372f0155f3b.extra_data.json,,0.0,63020310,0.0,2466783,1859.9718,63030110,2025-08-11 21:33:49.721,2025-07-15 22:00:00.977,189.71,h6hg6DTKNp,com.sec.android.app.shealth,b971c425-c54a-4617-9e07-d372f0155f3b,1752624000000,
,,10c883e4-63a5-4a88-b9a4-1b1974800f2c.extra_data.json,,0.0,63030110,0.0,3442874,1838.3416,63030110,2025-08-11 21:33:50.240,2025-07-25 22:00:00.658,257.72,h6hg6DTKNp,com.sec.android.app.shealth,10c883e4-63a5-4a88-b9a4-1b1974800f2c,1753488000000,
,,69517c2d-eb22-43a7-814f-bd5c30a25bca.extra_data.json,,312.0,63030110,0.0,5953881,1782.6973,63030110,2025-08-11 21:33:50.067,2025-07-24 22:00:00.607,451.90997,h6hg6DTKNp,com.sec.android.app.shealth,69517c2d-eb22-43a7-814f-bd5c30a25bca,1753401600000,
,,4d974d65-f268-4529-acac-c5d37b119029.extra_data.json,,0.0,63030110,0.0,8071088,1735.7797,63030110,2025-08-23 09:48:29.686,2025-07-29 22:00:00.516,640.13007,h6hg6DTKNp,com.sec.android.app.shealth,4d974d65-f268-4529-acac-c5d37b119029,1753833600000,
,,ead65ad8-c973-43f7-b401-d39d33bc3cb1.extra_data.json,,0.0,63030110,0.0,2827390,1851.9807,63030110,2025-08-23 09:48:29.703,2025-07-30 22:00:35.106,222.65001,h6hg6DTKNp,com.sec.android.app.shealth,ead65ad8-c973-43f7-b401-d39d33bc3cb1,1753920000000,
,,64cfed14-5435-4014-b4e9-b093353f6242.extra_data.json,,0.0,63030110,0.0,3911872,1827.9485,63030110,2025-08-23 09:48:29.729,2025-07-31 22:00:00.730,305.16003,h6hg6DTKNp,com.sec.android.app.shealth,64cfed14-5435-4014-b4e9-b093353f6242,1754006400000,
,,6aaa07c0-7f50-4e5d-8306-3d76c015f012.extra_data.json,,0.0,63030110,0.0,2335594,1862.879,63030110,2025-08-23 09:48:29.751,2025-08-01 22:00:00.628,178.05994,h6hg6DTKNp,com.sec.android.app.shealth,6aaa07c0-7f50-4e5d-8306-3d76c015f012,1754092800000,
,,ad6535e9-eb3f-4256-9339-1b1afb821098.extra_data.json,,0.0,63030110,0.0,4403451,1817.055,63030110,2025-08-23 09:48:29.768,2025-08-02 22:00:00.639,343.16003,h6hg6DTKNp,com.sec.android.app.shealth,ad6535e9-eb3f-4256-9339-1b1afb821098,1754179200000,
,,f6533bcd-0af1-4f94-b036-7ee8397f49fc.extra_data.json,,114.0,63030110,0.0,6581404,1768.7913,63030110,2025-08-23 09:48:29.806,2025-08-05 22:00:01.664,529.53656,h6hg6DTKNp,com.sec.android.app.shealth,f6533bcd-0af1-4f94-b036-7ee8397f49fc,1754438400000,
,,e08af44b-45cb-4e0a-ba86-b2c89781ef27.extra_data.json,,0.0,63030110,0.0,2064125,1868.8948,63030110,2025-08-23 09:48:29.650,2025-07-26 22:00:00.502,158.15996,h6hg6DTKNp,com.sec.android.app.shealth,e08af44b-45cb-4e0a-ba86-b2c89781ef27,1753574400000,
,,7ec59c62-7d02-438e-b9ab-79aa1b6f478a.extra_data.json,,62.0,63030110,0.0,6630507,1767.7032,63030110,2025-08-23 09:48:29.665,2025-07-27 22:00:00.770,515.45984,h6hg6DTKNp,com.sec.android.app.shealth,7ec59c62-7d02-438e-b9ab-79aa1b6f478a,1753660800000,
,,e19f2371-f181-4067-8451-ce41928a56e1.extra_data.json,,238.0,63030110,0.0,7109811,1757.0818,63030110,2025-08-23 09:48:29.674,2025-07-28 22:00:01.167,560.0301,h6hg6DTKNp,com.sec.android.app.shealth,e19f2371-f181-4067-8451-ce41928a56e1,1753747200000,
,,42b6ac25-c4e4-44b1-8178-374d2623130e.extra_data.json,,175.0,63030110,0.0,6622069,1767.8901,63030110,2025-08-23 09:48:29.782,2025-08-03 22:00:00.564,519.7101,h6hg6DTKNp,com.sec.android.app.shealth,42b6ac25-c4e4-44b1-8178-374d2623130e,1754265600000,
,,1806941d-c3ec-4188-9ff1-556cc1cb63dd.extra_data.json,,134.0,63030110,0.0,4138929,1822.9169,63030110,2025-08-23 09:48:29.791,2025-08-04 22:00:04.466,331.62003,h6hg6DTKNp,com.sec.android.app.shealth,1806941d-c3ec-4188-9ff1-556cc1cb63dd,1754352000000,
,,0a5f2643-24d7-47f6-ba3e-a68504ba3e9e.extra_data.json,,68.0,63030110,0.0,3719352,1832.2147,63030110,2025-09-03 15:05:03.772,2025-08-07 22:00:01.003,289.1,h6hg6DTKNp,com.sec.android.app.shealth,0a5f2643-24d7-47f6-ba3e-a68504ba3e9e,1754611200000,
,,36eb2d84-2a35-4107-b53e-a563d382bdd6.extra_data.json,,0.0,63030110,0.0,6907196,1761.5717,63030110,2025-09-03 15:05:03.982,2025-08-08 22:00:00.613,531.97974,h6hg6DTKNp,com.sec.android.app.shealth,36eb2d84-2a35-4107-b53e-a563d382bdd6,1754697600000,
,,012823da-dfaf-430c-9190-3527773cfc3f.extra_data.json,,120.0,63030110,0.0,5420639,1794.514,63030110,2025-09-03 15:05:03.510,2025-08-06 22:00:19.834,425.03992,h6hg6DTKNp,com.sec.android.app.shealth,012823da-dfaf-430c-9190-3527773cfc3f,1754524800000,
,,1a5fec90-812d-4b5b-8526-e01a591b8844.extra_data.json,,99.0,63030110,0.0,6599032,1768.4006,63030110,2025-09-06 16:50:01.456,2025-08-09 22:00:01.278,515.0381,h6hg6DTKNp,com.sec.android.app.shealth,1a5fec90-812d-4b5b-8526-e01a591b8844,1754784000000,
,,e5b028e2-d9d2-423e-8b83-2896dd87886a.extra_data.json,,378.0,63030110,0.0,6523985,1770.0637,63030110,2025-09-06 16:50:01.549,2025-08-10 22:00:01.130,535.1407,h6hg6DTKNp,com.sec.android.app.shealth,e5b028e2-d9d2-423e-8b83-2896dd87886a,1754870400000,
,,501e8ca8-c80a-4b2e-9646-7e4294ffbf96.extra_data.json,,278.0,63030110,0.0,6570477,1769.0333,63030110,2025-09-08 16:09:50.360,2025-08-15 22:00:00.860,513.3899,h6hg6DTKNp,com.sec.android.app.shealth,501e8ca8-c80a-4b2e-9646-7e4294ffbf96,1755302400000,
,,d0e1a060-ffab-4d8a-9dea-929209afec7e.extra_data.json,,471.0,63030110,0.0,6203465,1777.1665,63030110,2025-09-08 16:09:50.366,2025-08-16 22:00:02.523,511.11,h6hg6DTKNp,com.sec.android.app.shealth,d0e1a060-ffab-4d8a-9dea-929209afec7e,1755388800000,
,,ca984db4-f18a-4a84-90ee-c80b719ee67e.extra_data.json,,280.0,63030110,0.0,7376381,1751.1744,63030110,2025-09-08 16:09:50.291,2025-08-11 22:00:00.663,608.2501,h6hg6DTKNp,com.sec.android.app.shealth,ca984db4-f18a-4a84-90ee-c80b719ee67e,1754956800000,
,,7b368ca1-673d-44db-94c1-1aa9a76271cc.extra_data.json,,0.0,63030110,0.0,3461130,1837.937,63030110,2025-09-08 16:09:50.304,2025-08-12 22:00:00.585,268.31003,h6hg6DTKNp,com.sec.android.app.shealth,7b368ca1-673d-44db-94c1-1aa9a76271cc,1755043200000,
,,36624a95-0243-4773-88a7-2430435253ea.extra_data.json,,135.0,63030110,0.0,7204445,1754.9845,63030110,2025-09-08 16:09:50.319,2025-08-13 22:00:00.547,572.26996,h6hg6DTKNp,com.sec.android.app.shealth,36624a95-0243-4773-88a7-2430435253ea,1755129600000,
,,9f8d9cc0-7f63-4a06-a505-0586503e5e44.extra_data.json,,66.0,63030110,0.0,2617345,1856.6354,63030110,2025-09-08 16:09:50.348,2025-08-14 22:00:06.741,202.87,h6hg6DTKNp,com.sec.android.app.shealth,9f8d9cc0-7f63-4a06-a505-0586503e5e44,1755216000000,
,,3a1ce84c-b389-4762-99b7-cef59418f8fe.extra_data.json,,0.0,63030110,0.0,7190011,1755.3046,63030110,2025-09-14 15:10:55.105,2025-08-17 22:00:00.752,561.5699,h6hg6DTKNp,com.sec.android.app.shealth,3a1ce84c-b389-4762-99b7-cef59418f8fe,1755475200000,
,,d3372622-5e60-4787-9973-4dbb85522310.extra_data.json,,214.0,63030110,0.0,6559059,1769.2865,63030110,2025-09-15 14:43:35.213,2025-08-19 22:00:00.777,519.67236,h6hg6DTKNp,com.sec.android.app.shealth,d3372622-5e60-4787-9973-4dbb85522310,1755648000000,
,,cb082618-b57c-49ce-9f53-218c28001c47.extra_data.json,,0.0,63030110,0.0,4333903,1818.5962,63030110,2025-09-15 14:43:35.291,2025-08-20 22:00:00.981,335.54,h6hg6DTKNp,com.sec.android.app.shealth,cb082618-b57c-49ce-9f53-218c28001c47,1755734400000,
,,1d2a7da0-0cfb-4de5-9874-3e8a64ac0a41.extra_data.json,,0.0,63030110,0.0,3608754,1834.6656,63030110,2025-09-15 14:43:35.102,2025-08-18 22:00:01.179,282.24002,h6hg6DTKNp,com.sec.android.app.shealth,1d2a7da0-0cfb-4de5-9874-3e8a64ac0a41,1755561600000,
,,b6cbcaf6-44ae-44c7-977b-b7c0d5728371.extra_data.json,,293.0,63030110,0.0,6530778,1769.9132,63030110,2025-09-18 16:17:21.897,2025-08-21 22:00:00.877,534.3436,h6hg6DTKNp,com.sec.android.app.shealth,b6cbcaf6-44ae-44c7-977b-b7c0d5728371,1755820800000,
,,ca783d72-736a-48ee-ab54-84af2195f13e.extra_data.json,,59.0,63030110,0.0,3525836,1836.503,63030110,2025-09-18 16:17:21.916,2025-08-22 22:00:07.258,274.26004,h6hg6DTKNp,com.sec.android.app.shealth,ca783d72-736a-48ee-ab54-84af2195f13e,1755907200000,
,,6d0e3885-f1c0-4472-85ed-6f43e7fa043e.extra_data.json,,337.0,63030110,0.0,6284682,1775.3667,63030110,2025-09-18 16:17:21.935,2025-08-23 22:00:32.473,514.4627,h6hg6DTKNp,com.sec.android.app.shealth,6d0e3885-f1c0-4472-85ed-6f43e7fa043e,1755993600000,
,,5c3035ae-f400-4223-883a-5ba1c4d536e1.extra_data.json,,0.0,63030110,0.0,6876911,1762.2428,63030110,2025-09-18 16:17:21.955,2025-08-24 22:00:01.357,539.0201,h6hg6DTKNp,com.sec.android.app.shealth,5c3035ae-f400-4223-883a-5ba1c4d536e1,1756080000000,
,,a49bccfb-2a16-4ef2-a346-f786174df328.extra_data.json,,296.0,63030110,0.0,6846528,1762.9161,63030110,2025-09-18 16:17:21.970,2025-08-25 22:00:00.772,528.2399,h6hg6DTKNp,com.sec.android.app.shealth,a49bccfb-2a16-4ef2-a346-f786174df328,1756166400000,
,,ba060b61-a22d-4cab-bb4b-b637cf081539.extra_data.json,,170.0,63030110,0.0,4908317,1805.8671,63030110,2025-09-23 04:10:48.939,2025-09-01 22:00:00.643,390.84293,gzVl4KJPCr,com.sec.android.app.shealth,ba060b61-a22d-4cab-bb4b-b637cf081539,1756771200000,
,,ec2944ad-7215-4e01-b3ec-5e3dfbd071fa.extra_data.json,,149.0,63030110,0.0,3614607,1834.5359,63030110,2025-09-23 04:10:48.977,2025-09-02 22:00:01.051,290.86996,gzVl4KJPCr,com.sec.android.app.shealth,ec2944ad-7215-4e01-b3ec-5e3dfbd071fa,1756857600000,
,,4b787fc9-9662-4459-85ff-90a6488acc5f.extra_data.json,,0.0,63030110,0.0,6894350,1761.8563,63030110,2025-09-23 04:10:48.820,2025-09-23 04:10:36.607,546.2,gzVl4KJPCr,com.sec.android.app.shealth,4b787fc9-9662-4459-85ff-90a6488acc5f,1756252800000,
,,136fd47a-ddfc-4f48-b3f5-eacbbc260085.extra_data.json,,0.0,63030110,0.0,3679546,1833.0969,63030110,2025-09-23 04:10:49.136,2025-09-10 22:00:00.666,304.76004,gzVl4KJPCr,com.sec.android.app.shealth,136fd47a-ddfc-4f48-b3f5-eacbbc260085,1757548800000,
,,e2c09d8b-aeb7-4030-b2f3-e966f4e8aa1f.extra_data.json,,110.0,63030110,0.0,4290645,1819.5548,63030110,2025-09-23 04:10:48.841,2025-08-27 22:00:01.062,343.3,gzVl4KJPCr,com.sec.android.app.shealth,e2c09d8b-aeb7-4030-b2f3-e966f4e8aa1f,1756339200000,
,,afa33b79-1e81-4b5d-ba28-5a7049b6e9bf.extra_data.json,,195.0,63030110,0.0,4357405,1818.0753,63030110,2025-09-23 04:10:49.119,2025-09-09 22:00:01.005,355.93994,gzVl4KJPCr,com.sec.android.app.shealth,afa33b79-1e81-4b5d-ba28-5a7049b6e9bf,1757462400000,
,,f28dce5b-7314-4b1a-8daa-cafc7e1eb1f2.extra_data.json,,100.0,63030110,0.0,10960553,1671.7488,63030110,2025-09-23 04:10:48.854,2025-08-28 22:00:01.053,882.65656,gzVl4KJPCr,com.sec.android.app.shealth,f28dce5b-7314-4b1a-8daa-cafc7e1eb1f2,1756425600000,
,,545ee41f-649b-43c1-9e9a-2f3be86f81c9.extra_data.json,,131.0,63030110,0.0,3951301,1827.0747,63030110,2025-09-23 04:10:49.082,2025-09-23 04:10:36.083,305.67996,gzVl4KJPCr,com.sec.android.app.shealth,545ee41f-649b-43c1-9e9a-2f3be86f81c9,1757289600000,
,,aa7c5235-2b1b-484a-a55a-cd23654cf78a.extra_data.json,,0.0,63030110,0.0,2674957,1855.3586,63030110,2025-09-23 04:10:48.879,2025-08-29 22:00:01.060,211.83,gzVl4KJPCr,com.sec.android.app.shealth,aa7c5235-2b1b-484a-a55a-cd23654cf78a,1756512000000,
,,9cca8bb8-dcc6-4fa5-8ea1-6f829cfd7144.extra_data.json,,288.0,63030110,0.0,5902821,1783.8287,63030110,2025-09-23 04:10:49.102,2025-09-23 04:10:35.998,480.82996,gzVl4KJPCr,com.sec.android.app.shealth,9cca8bb8-dcc6-4fa5-8ea1-6f829cfd7144,1757376000000,
,,6f3c1af5-266a-46f2-a929-f7bdccd4a749.extra_data.json,,73.0,63030110,0.0,4111709,1823.52,63030110,2025-09-23 04:10:48.896,2025-09-23 04:10:36.449,319.964,gzVl4KJPCr,com.sec.android.app.shealth,6f3c1af5-266a-46f2-a929-f7bdccd4a749,1756598400000,
,,bd09e6b4-d0b4-4b54-aae1-69055aab1d46.extra_data.json,,0.0,63030110,0.0,3348924,1840.4235,63030110,2025-09-23 04:10:49.213,2025-09-23 04:10:35.572,267.10995,gzVl4KJPCr,com.sec.android.app.shealth,bd09e6b4-d0b4-4b54-aae1-69055aab1d46,1757808000000,
,,c0fdf455-35dc-42cf-ba86-aa019288a1b5.extra_data.json,,0.0,63030110,0.0,0,1914.6361,63030110,2025-09-23 04:10:49.064,2025-09-06 22:00:00.704,0.0,gzVl4KJPCr,com.sec.android.app.shealth,c0fdf455-35dc-42cf-ba86-aa019288a1b5,1757203200000,
,,50d55139-e7b7-4d78-8b84-7f2801a14d3b.extra_data.json,,0.0,63030110,0.0,2358452,1862.3726,63030110,2025-09-23 04:10:49.051,2025-09-05 22:00:00.864,175.76001,gzVl4KJPCr,com.sec.android.app.shealth,50d55139-e7b7-4d78-8b84-7f2801a14d3b,1757116800000,
,,e927da78-fea5-4a26-8e90-f61b80d45772.extra_data.json,,124.0,63030110,0.0,3638072,1834.016,63030110,2025-09-23 04:10:48.918,2025-09-23 04:10:36.394,287.37003,gzVl4KJPCr,com.sec.android.app.shealth,e927da78-fea5-4a26-8e90-f61b80d45772,1756684800000,
,,e855c856-eb93-4d05-8118-2fba259d6b3c.extra_data.json,,134.0,63030110,0.0,5273698,1797.7703,63030110,2025-09-23 04:10:48.999,2025-09-03 22:00:00.616,424.75684,gzVl4KJPCr,com.sec.android.app.shealth,e855c856-eb93-4d05-8118-2fba259d6b3c,1756944000000,
,,d2cef93f-642b-42eb-92cf-c69824539088.extra_data.json,,111.0,63030110,0.0,3077481,1846.4387,63030110,2025-09-23 04:10:49.226,2025-09-14 22:00:00.726,251.55997,gzVl4KJPCr,com.sec.android.app.shealth,d2cef93f-642b-42eb-92cf-c69824539088,1757894400000,
,,f13adace-a6b4-47ae-9e9b-b1dead5f8d4d.extra_data.json,,76.0,63030110,0.0,3715504,1832.3,63030110,2025-09-23 04:10:49.243,2025-09-23 04:10:35.502,289.26996,gzVl4KJPCr,com.sec.android.app.shealth,f13adace-a6b4-47ae-9e9b-b1dead5f8d4d,1757980800000,
,,4f0060eb-b365-460b-ae38-bef14aca5c18.extra_data.json,,0.0,63030110,0.0,4201170,1821.5376,63030110,2025-09-23 04:10:49.033,2025-09-04 22:00:01.365,326.09003,gzVl4KJPCr,com.sec.android.app.shealth,4f0060eb-b365-460b-ae38-bef14aca5c18,1757030400000,
,,fb7315ab-154f-4d40-9198-1c2f6b9cd307.extra_data.json,,0.0,63030110,0.0,0,1914.6361,63030110,2025-09-23 04:10:49.394,2025-09-23 04:10:35.276,0.0,gzVl4KJPCr,com.sec.android.app.shealth,fb7315ab-154f-4d40-9198-1c2f6b9cd307,1758412800000,
,,40a311ee-d3b4-48c0-a349-d69616f4654d.extra_data.json,,0.0,63030110,0.0,2050007,1869.2076,63030110,2025-09-23 04:10:49.191,2025-09-12 22:00:03.511,157.29999,gzVl4KJPCr,com.sec.android.app.shealth,40a311ee-d3b4-48c0-a349-d69616f4654d,1757721600000,
,,d09a07a7-9c8a-41be-a0db-612a9bc7f4d4.extra_data.json,,102.0,63030110,0.0,3705469,1832.5223,63030110,2025-09-23 04:10:49.153,2025-09-11 22:00:08.641,289.1287,gzVl4KJPCr,com.sec.android.app.shealth,d09a07a7-9c8a-41be-a0db-612a9bc7f4d4,1757635200000,
,,a0ceccbb-6200-4fab-942b-7e6698d8e324.extra_data.json,,0.0,63030110,0.0,0,1914.6361,63030110,2025-09-23 04:10:49.371,2025-09-23 04:10:35.317,0.0,gzVl4KJPCr,com.sec.android.app.shealth,a0ceccbb-6200-4fab-942b-7e6698d8e324,1758326400000,
,,ee7efa2f-2d02-4ae9-b267-40f1fae83d9a.extra_data.json,,0.0,63030110,0.0,0,1914.6361,63030110,2025-09-23 04:10:49.332,2025-09-23 04:10:35.396,0.0,gzVl4KJPCr,com.sec.android.app.shealth,ee7efa2f-2d02-4ae9-b267-40f1fae83d9a,1758240000000,
,,fcba6384-ff76-463c-9546-69e2fcc779ac.extra_data.json,,100.0,63030110,0.0,3762801,1831.252,63030110,2025-09-23 04:10:49.315,2025-09-17 22:00:02.144,295.07504,gzVl4KJPCr,com.sec.android.app.shealth,fcba6384-ff76-463c-9546-69e2fcc779ac,1758153600000,
,,29fa607c-14b4-498b-a710-63a062e349f2.extra_data.json,,56.0,63030110,0.0,11095333,1668.762,63030110,2025-09-23 04:10:49.262,2025-09-23 04:10:35.473,875.6899,gzVl4KJPCr,com.sec.android.app.shealth,29fa607c-14b4-498b-a710-63a062e349f2,1758067200000,
,,b538a6ea-e17d-495d-ba74-ba30b588497e.extra_data.json,,0.0,63030110,0.0,0,1914.6361,63030110,2025-09-23 07:07:59.004,2025-09-23 04:10:35.223,0.0,gzVl4KJPCr,com.sec.android.app.shealth,b538a6ea-e17d-495d-ba74-ba30b588497e,1758499200000,
,,ab96cf6b-a5c5-4334-9413-edd7f16d0e74.extra_data.json,,51.0,63030110,0.0,3953261,1827.0312,63030110,2025-09-23 23:05:46.951,2025-09-23 04:10:35.058,308.85382,gzVl4KJPCr,com.sec.android.app.shealth,ab96cf6b-a5c5-4334-9413-edd7f16d0e74,1758585600000,
,,57f57be9-3f0d-4710-aeb3-3ae9e3457d2a.extra_data.json,,78.0,63030110,0.0,5195397,1799.5054,63030110,2025-09-25 07:25:45.882,2025-09-23 22:00:00.436,406.47,gzVl4KJPCr,com.sec.android.app.shealth,57f57be9-3f0d-4710-aeb3-3ae9e3457d2a,1758672000000,
,,ed5bd320-144b-4cb3-8d61-a53cdfeb2897.extra_data.json,,132.0,63030110,0.0,3797245,1830.4885,63051050,2025-09-26 10:50:53.254,2025-09-24 22:00:03.356,294.98334,gzVl4KJPCr,com.sec.android.app.shealth,ed5bd320-144b-4cb3-8d61-a53cdfeb2897,1758758400000,
,,83efadbc-43a1-4581-91f6-1eab2d55830c.extra_data.json,,0.0,63030110,0.0,3122991,1845.4302,63051050,2025-09-27 01:52:39.323,2025-09-25 22:00:04.110,242.85992,gzVl4KJPCr,com.sec.android.app.shealth,83efadbc-43a1-4581-91f6-1eab2d55830c,1758844800000,
,,fd267635-02b3-4b79-b058-17eaeb7c5079.extra_data.json,,0.0,63051050,0.0,1334577,1885.0618,63051050,2025-09-28 08:42:33.635,2025-09-26 22:31:16.245,100.509995,gzVl4KJPCr,com.sec.android.app.shealth,fd267635-02b3-4b79-b058-17eaeb7c5079,1758931200000,
,,43592439-dab1-4b20-af2a-c38aa3072bda.extra_data.json,,0.0,63051050,0.0,1707340,1876.8011,63051050,2025-09-29 18:35:12.606,2025-09-27 22:00:00.427,128.90997,gzVl4KJPCr,com.sec.android.app.shealth,43592439-dab1-4b20-af2a-c38aa3072bda,1759017600000,
,,162b8c1c-0f4b-4b68-b7d2-b6349faaa208.extra_data.json,,156.0,63051050,0.0,4669441,1811.1606,63051050,2025-09-30 00:22:51.348,2025-09-28 22:00:00.617,372.74,gzVl4KJPCr,com.sec.android.app.shealth,162b8c1c-0f4b-4b68-b7d2-b6349faaa208,1759104000000,
,,02115c6b-d9a9-43be-8e29-4ffe4b09400e.extra_data.json,,0.0,63051050,0.0,4367163,1817.8593,63051050,2025-09-30 22:42:17.434,2025-09-29 22:00:02.393,343.74002,gzVl4KJPCr,com.sec.android.app.shealth,02115c6b-d9a9-43be-8e29-4ffe4b09400e,1759190400000,
,,f9518f5a-5107-415f-8d07-62956f61aa9d.extra_data.json,,0.0,63051050,0.0,5543181,1791.7983,63051050,2025-10-02 17:53:33.800,2025-09-30 22:00:11.369,436.62015,gzVl4KJPCr,com.sec.android.app.shealth,f9518f5a-5107-415f-8d07-62956f61aa9d,1759276800000,
,,31f278ec-1f59-4ebf-a018-78c5dc30ea5b.extra_data.json,,0.0,63051050,0.0,3703588,1832.5642,63051050,2025-10-02 22:00:02.900,2025-10-01 22:00:00.447,291.98996,gzVl4KJPCr,com.sec.android.app.shealth,31f278ec-1f59-4ebf-a018-78c5dc30ea5b,1759363200000,
,,872ce939-b5c5-4a67-9010-0a425ae08625.extra_data.json,,0.0,63051050,0.0,3982244,1826.3892,63051050,2025-10-04 16:50:38.901,2025-10-02 22:00:00.684,310.32,gzVl4KJPCr,com.sec.android.app.shealth,872ce939-b5c5-4a67-9010-0a425ae08625,1759449600000,
,,f69a8e62-8c75-49e7-91e1-f5d5c8436d7f.extra_data.json,,0.0,63051050,0.0,562948,1902.1613,63051050,2025-10-04 23:15:54.676,2025-10-03 22:00:01.071,41.93,gzVl4KJPCr,com.sec.android.app.shealth,f69a8e62-8c75-49e7-91e1-f5d5c8436d7f,1759536000000,
,,ab3f7927-17f3-42d3-9947-4967804d6076.extra_data.json,,0.0,63051050,0.0,1113073,1889.9703,63051050,2025-10-05 22:13:57.811,2025-10-04 22:00:00.527,86.52999,gzVl4KJPCr,com.sec.android.app.shealth,ab3f7927-17f3-42d3-9947-4967804d6076,1759622400000,
,,b2bd1fb9-73b0-49b3-a575-531a2e6c69a2.extra_data.json,,0.0,63051050,0.0,4651582,1811.5564,63051050,2025-10-07 07:15:01.405,2025-10-05 22:00:02.391,370.12003,gzVl4KJPCr,com.sec.android.app.shealth,b2bd1fb9-73b0-49b3-a575-531a2e6c69a2,1759708800000,
,,5029f811-de8d-4b2c-833a-d0fabc291c05.extra_data.json,,63.0,63051050,0.0,3647073,1833.8165,63051050,2025-10-08 06:49:44.344,2025-10-06 22:00:00.636,280.23,gzVl4KJPCr,com.sec.android.app.shealth,5029f811-de8d-4b2c-833a-d0fabc291c05,1759795200000,
,,ac5b75bc-4f7c-484c-8695-27a730a79a2b.extra_data.json,,123.0,63051050,0.0,3583457,1835.2262,63051050,2025-10-09 17:59:51.574,2025-10-07 22:00:00.447,286.35992,gzVl4KJPCr,com.sec.android.app.shealth,ac5b75bc-4f7c-484c-8695-27a730a79a2b,1759881600000,
,,308e2360-6bf5-4c22-bfb9-165615c9bd93.extra_data.json,,133.0,63051050,0.0,4462971,1815.7361,63051050,2025-10-10 03:19:07.188,2025-10-08 22:00:01.127,346.93,gzVl4KJPCr,com.sec.android.app.shealth,308e2360-6bf5-4c22-bfb9-165615c9bd93,1759968000000,
,,fe35f5e0-946a-4988-b724-77185cf53d98.extra_data.json,,0.0,63051050,0.0,3962294,1826.831,63051050,2025-10-11 15:06:53.084,2025-10-09 22:00:01.649,311.46008,gzVl4KJPCr,com.sec.android.app.shealth,fe35f5e0-946a-4988-b724-77185cf53d98,1760054400000,
,,d89f1d91-1c0c-4196-bfaa-555bc505a554.extra_data.json,,0.0,63051050,0.0,1807390,1874.5841,63051050,2025-10-11 22:05:37.934,2025-10-10 22:00:00.404,136.2,gzVl4KJPCr,com.sec.android.app.shealth,d89f1d91-1c0c-4196-bfaa-555bc505a554,1760140800000,
,,2ae7f216-4d5e-42f5-a48a-e9dcedf73af8.extra_data.json,,0.0,63051050,0.0,857762,1895.628,63051050,2025-10-12 22:59:38.776,2025-10-11 22:00:00.948,63.199993,gzVl4KJPCr,com.sec.android.app.shealth,2ae7f216-4d5e-42f5-a48a-e9dcedf73af8,1760227200000,
,,62810513-3fa0-44c3-899e-3743e211c7d2.extra_data.json,,125.0,63051050,0.0,3534020,1836.3218,63051050,2025-10-14 14:05:04.152,2025-10-12 22:00:00.747,283.11,gzVl4KJPCr,com.sec.android.app.shealth,62810513-3fa0-44c3-899e-3743e211c7d2,1760313600000,
,,5687047d-b6e2-418b-9423-2867d143c95e.extra_data.json,,0.0,63051050,0.0,2881080,1850.791,63051050,2025-10-14 22:00:17.533,2025-10-13 22:00:00.566,219.66998,gzVl4KJPCr,com.sec.android.app.shealth,5687047d-b6e2-418b-9423-2867d143c95e,1760400000000,
,,f8bee8b6-e3cf-4f24-bd54-838ca69cdf16.extra_data.json,,242.0,63051050,0.0,5114120,1801.3065,63051050,2025-10-15 22:14:27.234,2025-10-14 22:00:00.718,411.14996,gzVl4KJPCr,com.sec.android.app.shealth,f8bee8b6-e3cf-4f24-bd54-838ca69cdf16,1760486400000,
,,38e4bf59-6abe-4ece-8266-3cb06d264f95.extra_data.json,,142.0,63051050,0.0,3600484,1834.849,63051050,2025-10-17 01:34:38.156,2025-10-15 22:00:00.897,298.97998,gzVl4KJPCr,com.sec.android.app.shealth,38e4bf59-6abe-4ece-8266-3cb06d264f95,1760572800000,
,,e9100ad9-c6e6-4a27-9a26-fba4559c9de9.extra_data.json,,116.0,63051050,0.0,3744155,1831.6652,63051050,2025-10-17 22:02:04.281,2025-10-16 22:00:00.758,299.44995,gzVl4KJPCr,com.sec.android.app.shealth,e9100ad9-c6e6-4a27-9a26-fba4559c9de9,1760659200000,
,,2f2f37c0-04c8-4d82-8733-e5590fe71d9e.extra_data.json,,0.0,63051050,0.0,851759,1895.761,63051050,2025-10-19 10:54:06.937,2025-10-17 22:00:23.604,62.839996,gzVl4KJPCr,com.sec.android.app.shealth,2f2f37c0-04c8-4d82-8733-e5590fe71d9e,1760745600000,
,,fd81236d-29b8-4471-a8a1-359a22970cd6.extra_data.json,,0.0,63051050,0.0,646263,1900.3148,63051050,2025-10-20 05:30:36.821,2025-10-18 22:00:00.685,48.219997,gzVl4KJPCr,com.sec.android.app.shealth,fd81236d-29b8-4471-a8a1-359a22970cd6,1760832000000,
,,e4cef430-3cc3-4528-8c30-4f4458e57b56.extra_data.json,,100.0,63051050,0.0,4048277,1824.9257,63051050,2025-10-21 06:49:40.166,2025-10-19 22:00:08.701,328.42996,gzVl4KJPCr,com.sec.android.app.shealth,e4cef430-3cc3-4528-8c30-4f4458e57b56,1760918400000,
,,843371ec-6587-46cc-be61-eb7d6596f84d.extra_data.json,,0.0,63051050,0.0,5109661,1801.4053,63051050,2025-10-22 06:47:58.117,2025-10-20 22:00:00.615,405.15994,gzVl4KJPCr,com.sec.android.app.shealth,843371ec-6587-46cc-be61-eb7d6596f84d,1761004800000,
,,fd4da38a-640f-46e5-b917-92ca26d0fabe.extra_data.json,,124.0,63051050,0.0,4195624,1821.6605,63051050,2025-10-22 22:03:14.855,2025-10-21 22:00:21.654,328.55597,gzVl4KJPCr,com.sec.android.app.shealth,fd4da38a-640f-46e5-b917-92ca26d0fabe,1761091200000,
,,d0f145f9-59ba-4c92-973a-92816625797a.extra_data.json,,0.0,63051050,0.0,976975,1892.9862,63051050,2025-10-24 05:32:15.959,2025-10-22 22:00:00.425,76.389984,gzVl4KJPCr,com.sec.android.app.shealth,d0f145f9-59ba-4c92-973a-92816625797a,1761177600000,
,,12c53cbe-c1c8-405a-8d0c-aa6049420ca5.extra_data.json,,151.0,63051050,0.0,4410188,1816.9056,63051050,2025-10-25 11:09:22.865,2025-10-23 22:00:00.519,344.22998,gzVl4KJPCr,com.sec.android.app.shealth,12c53cbe-c1c8-405a-8d0c-aa6049420ca5,1761264000000,
,,38a78720-5d10-4586-be00-17f9d978545c.extra_data.json,,0.0,63051050,0.0,194097,1910.335,63051050,2025-10-26 02:47:28.782,2025-10-24 22:00:00.854,14.349999,gzVl4KJPCr,com.sec.android.app.shealth,38a78720-5d10-4586-be00-17f9d978545c,1761350400000,
,,1f669c3f-d9af-4bf0-b24a-cdc0868108e3.extra_data.json,,0.0,63051050,0.0,867707,1895.4077,63051050,2025-10-27 01:22:32.659,2025-10-25 22:00:00.882,66.22,gzVl4KJPCr,com.sec.android.app.shealth,1f669c3f-d9af-4bf0-b24a-cdc0868108e3,1761436800000,
,,36584e44-acb3-4da0-97fe-3433e7ac6602.extra_data.json,,0.0,63051050,0.0,2765539,1853.3514,63051050,2025-10-27 23:00:07.322,2025-10-26 23:00:01.114,225.67,gzVl4KJPCr,com.sec.android.app.shealth,36584e44-acb3-4da0-97fe-3433e7ac6602,1761523200000,
,,62b29eb4-288e-46b9-bde2-0311cf4be912.extra_data.json,,172.0,63051050,0.0,3627409,1834.2522,63051050,2025-10-29 16:10:54.067,2025-10-27 23:00:00.774,285.792,gzVl4KJPCr,com.sec.android.app.shealth,62b29eb4-288e-46b9-bde2-0311cf4be912,1761609600000,
,,cfec545d-d8cc-4757-a620-7b81f320dcb7.extra_data.json,,119.0,63051050,0.0,4333723,1818.6003,63051050,2025-10-30 00:02:05.263,2025-10-28 23:00:01.094,344.45,gzVl4KJPCr,com.sec.android.app.shealth,cfec545d-d8cc-4757-a620-7b81f320dcb7,1761696000000,
,,8b53d593-e4c7-49fe-80dc-edac3738b742.extra_data.json,,258.0,63051050,0.0,4664790,1811.2637,63051050,2025-10-31 08:02:24.747,2025-10-29 23:00:02.222,392.77997,gzVl4KJPCr,com.sec.android.app.shealth,8b53d593-e4c7-49fe-80dc-edac3738b742,1761782400000,
,,398050c0-28dd-456a-a5da-d686d138f77d.extra_data.json,,325.0,63051050,0.0,6198127,1777.2848,63051050,2025-10-31 23:00:56.506,2025-10-30 23:00:00.826,510.25,gzVl4KJPCr,com.sec.android.app.shealth,398050c0-28dd-456a-a5da-d686d138f77d,1761868800000,
,,277bf055-1519-4099-bb6d-1609321999e8.extra_data.json,,254.0,63051050,0.0,4755640,1809.2505,63051050,2025-11-02 05:57:55.332,2025-10-31 23:00:00.771,386.18,gzVl4KJPCr,com.sec.android.app.shealth,277bf055-1519-4099-bb6d-1609321999e8,1761955200000,
,,2e731c8c-52d1-48fa-8e9b-1c78182e1bff.extra_data.json,,58.0,63051050,0.0,2960250,1866.6093,63051050,2025-11-03 01:48:37.169,2025-11-01 23:00:30.016,259.41003,gzVl4KJPCr,com.sec.android.app.shealth,2e731c8c-52d1-48fa-8e9b-1c78182e1bff,1762041600000,
,,a2fea994-e838-4171-b490-3e5270969bbc.extra_data.json,,0.0,63051050,0.0,42021,1931.8921,63051050,2025-11-03 23:00:01.846,2025-11-02 23:00:01.021,3.13,gzVl4KJPCr,com.sec.android.app.shealth,a2fea994-e838-4171-b490-3e5270969bbc,1762128000000,
,,a5588a8c-195f-4648-803f-804162355a43.extra_data.json,,0.0,63051050,0.0,0,1932.8322,63051050,2025-11-05 17:21:05.045,2025-11-03 23:00:00.501,0.0,gzVl4KJPCr,com.sec.android.app.shealth,a5588a8c-195f-4648-803f-804162355a43,1762214400000,
,,7a609bb7-04f9-4244-b7cd-224bfeee1948.extra_data.json,,179.0,63051050,0.0,3478998,1855.0044,63051050,2025-11-05 23:00:03.404,2025-11-04 23:00:06.925,280.37,gzVl4KJPCr,com.sec.android.app.shealth,7a609bb7-04f9-4244-b7cd-224bfeee1948,1762300800000,
,,8efdbaab-c242-4943-a078-7a33e18ae7c1.extra_data.json,,0.0,63051050,0.0,0,1932.8322,63051050,2025-11-06 23:00:02.095,2025-11-05 23:00:00.773,0.0,gzVl4KJPCr,com.sec.android.app.shealth,8efdbaab-c242-4943-a078-7a33e18ae7c1,1762387200000,
,,857c62af-0c0a-4312-ad56-c7290fee8867.extra_data.json,,0.0,63051050,0.0,0,1932.8322,63051050,2025-11-08 22:04:21.858,2025-11-06 23:00:00.871,0.0,gzVl4KJPCr,com.sec.android.app.shealth,857c62af-0c0a-4312-ad56-c7290fee8867,1762473600000,
,,f8e6ed94-4a8f-458f-96f2-1aae352ed890.extra_data.json,,0.0,63051050,0.0,2088287,1886.1156,63051050,2025-11-09 10:28:38.435,2025-11-07 23:00:00.816,158.12003,gzVl4KJPCr,com.sec.android.app.shealth,f8e6ed94-4a8f-458f-96f2-1aae352ed890,1762560000000,
,,7b9aa5d6-d9df-45eb-ab3f-35a1c36371ee.extra_data.json,,0.0,63051050,0.0,2056938,1886.817,63051050,2025-11-09 23:21:47.074,2025-11-08 23:00:00.477,154.78001,gzVl4KJPCr,com.sec.android.app.shealth,7b9aa5d6-d9df-45eb-ab3f-35a1c36371ee,1762646400000,
,,03da3f30-d1a6-4b19-9e8e-b620c76c843d.extra_data.json,,130.0,63051050,0.0,3637982,1851.4478,63051050,2025-11-11 06:00:14.290,2025-11-09 23:00:00.879,289.68005,gzVl4KJPCr,com.sec.android.app.shealth,03da3f30-d1a6-4b19-9e8e-b620c76c843d,1762732800000,
,,0d74716a-ae83-4274-a97f-7427157fe38e.extra_data.json,,0.0,63051050,0.0,3854033,1846.6146,63051050,2025-11-12 07:41:02.014,2025-11-10 23:00:06.893,301.93002,gzVl4KJPCr,com.sec.android.app.shealth,0d74716a-ae83-4274-a97f-7427157fe38e,1762819200000,
,,1fe28527-ba0f-48d3-8cf6-1c2c14f7aa0e.extra_data.json,,244.0,63051050,0.0,5955394,1799.6056,63060070,2025-11-13 08:28:17.786,2025-11-11 23:00:31.395,485.36334,gzVl4KJPCr,com.sec.android.app.shealth,1fe28527-ba0f-48d3-8cf6-1c2c14f7aa0e,1762905600000,
,,a1f7b52b-6a43-4bee-af52-68715b56497d.extra_data.json,,198.0,63051050,0.0,9246846,1725.9734,63060070,2025-11-14 19:24:16.482,2025-11-12 23:00:02.021,725.9898,gzVl4KJPCr,com.sec.android.app.shealth,a1f7b52b-6a43-4bee-af52-68715b56497d,1762992000000,
,,45b56bc6-6e4d-4821-bcf8-746082d59a2a.extra_data.json,,0.0,63060070,0.0,3197148,1861.3096,63060070,2025-11-14 23:08:46.167,2025-11-13 23:00:01.005,246.74004,gzVl4KJPCr,com.sec.android.app.shealth,45b56bc6-6e4d-4821-bcf8-746082d59a2a,1763078400000,
,,10754a97-0d96-43f4-8f62-da8ffbfbb910.extra_data.json,,0.0,63060070,0.0,2163658,1884.4296,63060070,2025-11-16 12:36:55.255,2025-11-14 23:00:17.960,164.25002,gzVl4KJPCr,com.sec.android.app.shealth,10754a97-0d96-43f4-8f62-da8ffbfbb910,1763164800000,
,,61374991-df98-4bbd-9e7c-bf91974d0104.extra_data.json,,0.0,63060070,0.0,3660810,1850.9373,63060070,2025-11-17 23:43:25.880,2025-11-16 23:00:03.602,290.37,gzVl4KJPCr,com.sec.android.app.shealth,61374991-df98-4bbd-9e7c-bf91974d0104,1763337600000,
,,0c02a79a-0167-4cd5-a932-7de88a4c46d8.extra_data.json,,0.0,63060070,0.0,3187928,1861.5159,63060070,2025-11-17 10:25:40.006,2025-11-15 23:00:03.068,244.66997,gzVl4KJPCr,com.sec.android.app.shealth,0c02a79a-0167-4cd5-a932-7de88a4c46d8,1763251200000,
,,4ea73701-6bb2-400e-aa42-437873a9b6f4.extra_data.json,,0.0,63060070,0.0,3845629,1846.8025,63060070,2025-11-19 07:54:56.546,2025-11-17 23:00:00.950,303.53,gzVl4KJPCr,com.sec.android.app.shealth,4ea73701-6bb2-400e-aa42-437873a9b6f4,1763424000000,
,,57b525ad-0af1-4f0c-ab3b-eca577880272.extra_data.json,,267.0,63060070,0.0,5781813,1803.4886,63060070,2025-11-20 02:48:01.931,2025-11-18 23:00:05.509,480.32693,gzVl4KJPCr,com.sec.android.app.shealth,57b525ad-0af1-4f0c-ab3b-eca577880272,1763510400000,
,,1bf5073e-ddac-4717-8778-7bafb6cc1aa1.extra_data.json,,0.0,63060070,0.0,3129421,1862.8247,63060070,2025-11-21 10:59:58.361,2025-11-19 23:00:00.785,255.27003,gzVl4KJPCr,com.sec.android.app.shealth,1bf5073e-ddac-4717-8778-7bafb6cc1aa1,1763596800000,
,,0b1ecc5a-aacc-4302-9095-22cce27186e5.extra_data.json,,124.0,63060070,0.0,6642405,1784.2366,63060070,2025-11-22 08:27:24.804,2025-11-20 23:00:00.573,539.0585,gzVl4KJPCr,com.sec.android.app.shealth,0b1ecc5a-aacc-4302-9095-22cce27186e5,1763683200000,
,,80db9685-4bdc-4550-9f47-4928a981f13f.extra_data.json,,0.0,63060070,0.0,2851822,1869.0348,63060070,2025-11-23 07:38:01.981,2025-11-21 23:00:01.779,219.53003,gzVl4KJPCr,com.sec.android.app.shealth,80db9685-4bdc-4550-9f47-4928a981f13f,1763769600000,
,,b9eae0f9-8c97-4c67-a292-4d0cf820bb3d.extra_data.json,,0.0,63060070,0.0,3559629,1853.2006,63060070,2025-11-23 23:29:38.359,2025-11-22 23:00:00.678,270.40994,gzVl4KJPCr,com.sec.android.app.shealth,b9eae0f9-8c97-4c67-a292-4d0cf820bb3d,1763856000000,
,,f3287bbd-513c-4162-89c4-0177ddfd8665.extra_data.json,,0.0,63060070,0.0,3817098,1847.4409,63060070,2025-11-24 23:07:00.557,2025-11-23 23:00:00.836,305.94992,gzVl4KJPCr,com.sec.android.app.shealth,f3287bbd-513c-4162-89c4-0177ddfd8665,1763942400000,
,,19b93c1b-ef12-45bd-be27-0fd054306a64.extra_data.json,,0.0,63060070,0.0,2235334,1882.826,63060070,2025-11-26 02:39:57.183,2025-11-24 23:00:00.762,178.87001,gzVl4KJPCr,com.sec.android.app.shealth,19b93c1b-ef12-45bd-be27-0fd054306a64,1764028800000,
,,465044e0-66f3-4fda-b5c7-3b1e83f7a022.extra_data.json,,0.0,63060070,0.0,5373696,1812.6187,63060070,2025-11-27 20:05:20.156,2025-11-25 23:00:00.670,416.8701,gzVl4KJPCr,com.sec.android.app.shealth,465044e0-66f3-4fda-b5c7-3b1e83f7a022,1764115200000,
,,e3061ab3-2f1e-40a8-8fd2-93f5f381576f.extra_data.json,,164.0,63060070,0.0,5768080,1803.7959,63060070,2025-11-28 18:13:29.828,2025-11-26 23:00:01.407,475.40012,gzVl4KJPCr,com.sec.android.app.shealth,e3061ab3-2f1e-40a8-8fd2-93f5f381576f,1764201600000,
,,4ce68f05-b7e3-432b-a700-06c14df12077.extra_data.json,,0.0,63060070,0.0,5696393,1805.3997,63060070,2025-11-29 00:18:58.709,2025-11-27 23:00:02.704,470.65997,gzVl4KJPCr,com.sec.android.app.shealth,4ce68f05-b7e3-432b-a700-06c14df12077,1764288000000,
,,681fe5f0-8b1c-45d7-a973-b922f5deca73.extra_data.json,,0.0,63060070,0.0,1446513,1900.4727,63060070,2025-11-30 00:07:47.970,2025-11-29 00:14:03.570,112.84002,gzVl4KJPCr,com.sec.android.app.shealth,681fe5f0-8b1c-45d7-a973-b922f5deca73,1764374400000,
,,16699d4b-c8e7-4d9c-ac64-46267d386d55.extra_data.json,,0.0,63060070,0.0,3003291,1865.6464,63060070,2025-12-01 07:58:28.294,2025-11-30 00:00:25.767,229.0399,gzVl4KJPCr,com.sec.android.app.shealth,16699d4b-c8e7-4d9c-ac64-46267d386d55,1764460800000,
,,4982cffd-451f-4557-b075-3bf6b64342aa.extra_data.json,,0.0,63060070,0.0,2747630,1871.3656,63060070,2025-12-02 00:24:55.415,2025-12-01 00:00:01.778,220.71996,gzVl4KJPCr,com.sec.android.app.shealth,4982cffd-451f-4557-b075-3bf6b64342aa,1764547200000,
,,b2247b73-7b7d-457f-8835-8befad346c9f.extra_data.json,,0.0,63060070,0.0,1957135,1889.0496,63070030,2025-12-29 14:48:55.155,2025-12-07 23:00:10.186,159.12997,gzVl4KJPCr,com.sec.android.app.shealth,b2247b73-7b7d-457f-8835-8befad346c9f,1765152000000,
,,f1ee5f80-13a6-45ca-b1d4-81120d5ca8aa.extra_data.json,,0.0,63060070,0.0,2081287,1886.2722,63070030,2025-12-29 14:48:55.165,2025-12-08 23:00:00.686,165.34995,gzVl4KJPCr,com.sec.android.app.shealth,f1ee5f80-13a6-45ca-b1d4-81120d5ca8aa,1765238400000,
,,ee333062-d770-4b9f-9630-9621f69e2550.extra_data.json,,0.0,63060070,0.0,2520780,1876.4404,63070030,2025-12-29 14:48:55.091,2025-12-01 23:00:00.467,203.60995,gzVl4KJPCr,com.sec.android.app.shealth,ee333062-d770-4b9f-9630-9621f69e2550,1764633600000,
,,472c7397-625f-48f4-a627-a85344e7f486.extra_data.json,,0.0,63060070,0.0,2334627,1880.6049,63070030,2025-12-29 14:48:55.181,2025-12-10 23:00:10.970,190.53998,gzVl4KJPCr,com.sec.android.app.shealth,472c7397-625f-48f4-a627-a85344e7f486,1765411200000,
,,cf464772-d047-4220-89b8-89f280332fd0.extra_data.json,,74.0,63060070,0.0,3934120,1844.823,63070030,2025-12-29 14:48:55.193,2025-12-11 23:00:00.999,317.1525,gzVl4KJPCr,com.sec.android.app.shealth,cf464772-d047-4220-89b8-89f280332fd0,1765497600000,
,,9158bc09-e642-49e5-8a1f-57171bf0a6d2.extra_data.json,,108.0,63060070,0.0,3261914,1859.8608,63070030,2025-12-29 14:48:55.104,2025-12-02 23:00:01.624,262.26996,gzVl4KJPCr,com.sec.android.app.shealth,9158bc09-e642-49e5-8a1f-57171bf0a6d2,1764720000000,
,,3962d418-b471-43ed-b570-84ee69173778.extra_data.json,,59.0,63060070,0.0,2434964,1878.3604,63070030,2025-12-29 14:48:55.114,2025-12-03 23:00:00.926,198.36035,gzVl4KJPCr,com.sec.android.app.shealth,3962d418-b471-43ed-b570-84ee69173778,1764806400000,
,,1ba823f2-7cde-4837-95e4-1d5bdde6b541.extra_data.json,,120.0,63060070,0.0,5026773,1820.3795,63070030,2025-12-29 14:48:55.124,2025-12-04 23:00:00.556,419.30008,gzVl4KJPCr,com.sec.android.app.shealth,1ba823f2-7cde-4837-95e4-1d5bdde6b541,1764892800000,
,,5d18191a-4a0f-4ebc-928c-9e0f38f6e25f.extra_data.json,,0.0,63060070,0.0,3331885,1858.2954,63070030,2025-12-29 14:48:55.201,2025-12-12 23:00:17.574,252.59996,gzVl4KJPCr,com.sec.android.app.shealth,5d18191a-4a0f-4ebc-928c-9e0f38f6e25f,1765584000000,
,,835874ca-1152-47f5-90f8-607b858a01f2.extra_data.json,,0.0,63070030,0.0,2205986,1883.4827,63070030,2025-12-29 14:48:55.254,2025-12-17 23:00:06.138,175.17998,gzVl4KJPCr,com.sec.android.app.shealth,835874ca-1152-47f5-90f8-607b858a01f2,1766016000000,
,,70e18701-42c3-4ec1-870e-52b88804b473.extra_data.json,,0.0,63060070,0.0,1162551,1906.8251,63070030,2025-12-29 14:48:55.214,2025-12-13 23:00:00.654,87.39001,gzVl4KJPCr,com.sec.android.app.shealth,70e18701-42c3-4ec1-870e-52b88804b473,1765670400000,
,,99792242-50f4-4c62-9aac-055bae3bad40.extra_data.json,,0.0,63060070,0.0,821077,1914.464,63070030,2025-12-29 14:48:55.135,2025-12-05 23:00:00.762,61.539993,gzVl4KJPCr,com.sec.android.app.shealth,99792242-50f4-4c62-9aac-055bae3bad40,1764979200000,
,,9161d86a-1637-4fb8-acac-666d0daf7387.extra_data.json,,0.0,63070030,0.0,869768,1913.3749,63070030,2025-12-29 14:48:55.292,2025-12-19 23:00:00.865,65.07,gzVl4KJPCr,com.sec.android.app.shealth,9161d86a-1637-4fb8-acac-666d0daf7387,1766188800000,
,,d8247795-75a7-4283-8970-3b720e75af79.extra_data.json,,0.0,63060070,0.0,1905469,1890.2053,63070030,2025-12-29 14:48:55.144,2025-12-06 23:00:28.818,144.54001,gzVl4KJPCr,com.sec.android.app.shealth,d8247795-75a7-4283-8970-3b720e75af79,1765065600000,
,,104da128-305b-4a06-8198-648207ba38d9.extra_data.json,,62.0,63060070,0.0,4688387,1827.9496,63070030,2025-12-29 14:48:55.231,2025-12-15 23:00:00.737,370.52988,gzVl4KJPCr,com.sec.android.app.shealth,104da128-305b-4a06-8198-648207ba38d9,1765843200000,
,,b7acd692-c532-4e28-916b-0073dc3e3020.extra_data.json,,0.0,63070030,0.0,3442814,1855.8138,63070030,2025-12-29 14:48:55.305,2025-12-21 23:00:00.249,263.32,gzVl4KJPCr,com.sec.android.app.shealth,b7acd692-c532-4e28-916b-0073dc3e3020,1766275200000,
,,ab07cf3a-aeae-4ca5-bc0a-9aaec80cb750.extra_data.json,,0.0,63070030,0.0,3020213,1865.2677,63070030,2025-12-29 14:48:55.242,2025-12-16 23:00:05.964,237.75992,gzVl4KJPCr,com.sec.android.app.shealth,ab07cf3a-aeae-4ca5-bc0a-9aaec80cb750,1765929600000,
,,012109f0-bb90-4f95-9589-ba47d698f8db.extra_data.json,,0.0,63070030,0.0,3517008,1854.154,63070030,2025-12-29 14:48:55.320,2025-12-21 23:00:02.365,283.26996,gzVl4KJPCr,com.sec.android.app.shealth,012109f0-bb90-4f95-9589-ba47d698f8db,1766361600000,
,,bfc0003d-4762-4422-ab4e-0b5522c9098f.extra_data.json,,0.0,63070030,0.0,9924434,1710.8153,63070030,2025-12-29 14:48:55.338,2025-12-23 23:00:00.516,773.1799,gzVl4KJPCr,com.sec.android.app.shealth,bfc0003d-4762-4422-ab4e-0b5522c9098f,1766534400000,
,,26b945b3-3aae-4c9d-b415-002302164b19.extra_data.json,,0.0,63070030,0.0,4265719,1837.4049,63070030,2025-12-29 14:48:55.343,2025-12-24 23:00:01.139,332.98993,gzVl4KJPCr,com.sec.android.app.shealth,26b945b3-3aae-4c9d-b415-002302164b19,1766620800000,
,,1d29f1c4-40ad-47cc-90f1-f1a700761327.extra_data.json,,85.0,63060070,0.0,3611985,1852.0294,63070030,2025-12-29 14:48:55.175,2025-12-09 23:00:00.859,283.96002,gzVl4KJPCr,com.sec.android.app.shealth,1d29f1c4-40ad-47cc-90f1-f1a700761327,1765324800000,
,,7935d212-079d-40de-b92c-4904bdff8ce7.extra_data.json,,95.0,63070030,0.0,15854758,1578.1494,63070030,2025-12-29 14:48:55.324,2025-12-22 23:00:02.774,1239.9491,gzVl4KJPCr,com.sec.android.app.shealth,7935d212-079d-40de-b92c-4904bdff8ce7,1766448000000,
,,3d954858-1614-4916-b4d3-0cbeaa95ff65.extra_data.json,,104.0,63060070,0.0,4472279,1832.7839,63070030,2025-12-29 14:48:55.219,2025-12-14 23:00:00.608,343.06,gzVl4KJPCr,com.sec.android.app.shealth,3d954858-1614-4916-b4d3-0cbeaa95ff65,1765756800000,
,,228b08a6-29f2-4d95-abca-11b6f9442d4a.extra_data.json,,125.0,63070030,0.0,4439356,1833.5204,63070030,2025-12-29 14:48:55.280,2025-12-18 23:00:01.967,360.36,gzVl4KJPCr,com.sec.android.app.shealth,228b08a6-29f2-4d95-abca-11b6f9442d4a,1766102400000,
,,04a4064b-a525-4d7d-988c-c589ba95df18.extra_data.json,,55.0,63070030,0.0,11495973,1675.6587,63070030,2025-12-29 14:48:55.357,2025-12-25 23:00:00.977,890.44775,gzVl4KJPCr,com.sec.android.app.shealth,04a4064b-a525-4d7d-988c-c589ba95df18,1766707200000,
,,8ffc4d1e-f3bd-4310-a40d-dccd54f3a47d.extra_data.json,,0.0,63070030,0.0,3419596,1856.3333,63070030,2025-12-29 14:48:55.373,2025-12-27 23:00:00.451,267.14005,gzVl4KJPCr,com.sec.android.app.shealth,8ffc4d1e-f3bd-4310-a40d-dccd54f3a47d,1766880000000,
,,878a514c-c1f6-4b27-bf2b-10619cca1582.extra_data.json,,0.0,63070030,0.0,2843484,1869.2212,63070030,2025-12-29 14:48:55.360,2025-12-26 23:00:00.905,235.32005,gzVl4KJPCr,com.sec.android.app.shealth,878a514c-c1f6-4b27-bf2b-10619cca1582,1766793600000,
,,c18d3a88-44f4-4c4a-91d8-c613326c34c5.extra_data.json,,54.0,63070030,0.0,8504076,1742.5896,63070030,2025-12-30 12:56:02.736,2025-12-28 23:00:00.770,662.30743,gzVl4KJPCr,com.sec.android.app.shealth,c18d3a88-44f4-4c4a-91d8-c613326c34c5,1766966400000,
,,65d0fb16-551b-491a-ab22-db85b16c0017.extra_data.json,,0.0,63070030,0.0,7935155,1755.3169,63070030,2025-12-31 09:48:05.084,2025-12-29 23:00:00.983,646.33014,gzVl4KJPCr,com.sec.android.app.shealth,65d0fb16-551b-491a-ab22-db85b16c0017,1767052800000,
,,39340a96-73b2-44d9-8b80-55f4190a9d35.extra_data.json,,0.0,63070030,0.0,8288327,1747.4161,63070030,2025-12-31 23:00:35.848,2025-12-30 23:00:00.964,657.55,gzVl4KJPCr,com.sec.android.app.shealth,39340a96-73b2-44d9-8b80-55f4190a9d35,1767139200000,
,,ba19f225-5fbe-4bea-ab57-a5eec12e6175.extra_data.json,,0.0,63070030,0.0,3321277,1858.5327,63070030,2026-01-02 12:07:29.562,2025-12-31 23:00:00.652,275.44998,gzVl4KJPCr,com.sec.android.app.shealth,ba19f225-5fbe-4bea-ab57-a5eec12e6175,1767225600000,
,,9916697e-a446-4435-8512-264148d031f4.extra_data.json,,0.0,63070030,0.0,6494690,1787.5411,63070030,2026-01-02 23:01:28.280,2026-01-01 23:00:00.952,523.85016,gzVl4KJPCr,com.sec.android.app.shealth,9916697e-a446-4435-8512-264148d031f4,1767312000000,
,,6af57f00-7a5f-4b50-9025-da5665ef450a.extra_data.json,,203.0,63070030,0.0,9302292,1724.7332,63070030,2026-01-04 08:46:29.420,2026-01-02 23:00:02.864,739.327,gzVl4KJPCr,com.sec.android.app.shealth,6af57f00-7a5f-4b50-9025-da5665ef450a,1767398400000,
,,2c1b8dff-5803-47a2-8876-48b9946f2908.extra_data.json,,127.0,63070030,0.0,7396296,1767.3716,63070030,2026-01-05 16:41:00.762,2026-01-03 23:00:23.422,564.31995,gzVl4KJPCr,com.sec.android.app.shealth,2c1b8dff-5803-47a2-8876-48b9946f2908,1767484800000,
,,e315a463-23ba-4222-9770-0adf2d9f6b6a.extra_data.json,,416.0,63070030,0.0,8668696,1738.907,63070030,2026-01-06 19:09:51.966,2026-01-04 23:00:00.831,731.8417,gzVl4KJPCr,com.sec.android.app.shealth,e315a463-23ba-4222-9770-0adf2d9f6b6a,1767571200000,
,,19a9389e-69c2-46fd-b8d4-5f4fa0073610.extra_data.json,,217.0,63070030,0.0,6042481,1797.6575,63070030,2026-01-07 06:23:21.639,2026-01-05 23:00:01.529,500.169,gzVl4KJPCr,com.sec.android.app.shealth,19a9389e-69c2-46fd-b8d4-5f4fa0073610,1767657600000,
,,d363b088-0ea9-4ffe-90b1-c5596cc6d752.extra_data.json,,0.0,63070030,0.0,6320296,1791.4425,63070030,2026-01-08 01:26:36.821,2026-01-06 23:00:00.982,514.28,gzVl4KJPCr,com.sec.android.app.shealth,d363b088-0ea9-4ffe-90b1-c5596cc6d752,1767744000000,
,,ed3298e0-e013-40bc-9603-3ceb2db3b7f7.extra_data.json,,264.0,63070030,0.0,8581727,1740.8525,63070030,2026-01-09 12:46:58.728,2026-01-07 23:00:01.946,701.18396,gzVl4KJPCr,com.sec.android.app.shealth,ed3298e0-e013-40bc-9603-3ceb2db3b7f7,1767830400000,
,,9a513627-ad27-445d-92de-a4bc206baad3.extra_data.json,,0.0,63070030,0.0,9082808,1729.6431,63070030,2026-01-10 13:56:51.861,2026-01-08 23:00:00.715,725.1699,gzVl4KJPCr,com.sec.android.app.shealth,9a513627-ad27-445d-92de-a4bc206baad3,1767916800000,
,,45f1310e-b1b5-46a7-a0a6-cd4d95009fcc.extra_data.json,,57.0,63070030,0.0,6779402,1781.172,63070030,2026-01-10 23:34:08.810,2026-01-09 23:00:01.594,544.75,gzVl4KJPCr,com.sec.android.app.shealth,45f1310e-b1b5-46a7-a0a6-cd4d95009fcc,1768003200000,
,,b1203e70-971f-4be2-9045-14486d87b777.extra_data.json,,0.0,63070030,0.0,7005401,1776.1162,63070030,2026-01-12 19:35:42.367,2026-01-10 23:00:00.926,565.94,gzVl4KJPCr,com.sec.android.app.shealth,b1203e70-971f-4be2-9045-14486d87b777,1768089600000,
,,12529dc2-7c0d-468f-a1f4-027e0303417f.extra_data.json,,241.0,63070030,0.0,11382090,1678.2064,63070030,2026-01-12 23:36:41.351,2026-01-11 23:00:00.622,916.1202,gzVl4KJPCr,com.sec.android.app.shealth,12529dc2-7c0d-468f-a1f4-027e0303417f,1768176000000,
,,f3cfe9f1-b3e3-4101-84e2-68bdcdbc8ac6.extra_data.json,,0.0,63070030,0.0,2260800,1882.2565,63070030,2026-01-13 23:13:16.127,2026-01-12 23:00:00.710,175.05003,gzVl4KJPCr,com.sec.android.app.shealth,f3cfe9f1-b3e3-4101-84e2-68bdcdbc8ac6,1768262400000,
,,18f69982-8b4e-471f-81fe-8cde56144b8f.extra_data.json,,0.0,63070030,0.0,3526436,1848.4979,63070030,2026-01-15 09:12:59.059,2026-01-13 23:00:00.678,272.04996,gzVl4KJPCr,com.sec.android.app.shealth,18f69982-8b4e-471f-81fe-8cde56144b8f,1768348800000,
,,1e4568a5-01e6-4ec0-983a-34b1c233a07c.extra_data.json,,0.0,63070030,0.0,2306793,1875.702,63070030,2026-01-16 00:35:07.847,2026-01-14 23:00:00.908,183.46999,gzVl4KJPCr,com.sec.android.app.shealth,1e4568a5-01e6-4ec0-983a-34b1c233a07c,1768435200000,
,,3b093137-9059-4b26-8958-9f83bb4469b2.extra_data.json,,0.0,63070030,0.0,3506336,1848.9462,63070030,2026-01-17 05:50:54.130,2026-01-15 23:00:01.014,272.87003,gzVl4KJPCr,com.sec.android.app.shealth,3b093137-9059-4b26-8958-9f83bb4469b2,1768521600000,
,,7619b3c8-684a-40be-b307-07340c843055.extra_data.json,,0.0,63070030,0.0,2255674,1876.8423,63070030,2026-01-18 22:49:59.116,2026-01-16 23:00:00.807,170.89,gzVl4KJPCr,com.sec.android.app.shealth,7619b3c8-684a-40be-b307-07340c843055,1768608000000,
,,fff24d8b-1f92-4411-9923-8b1db6a884cb.extra_data.json,,0.0,63070030,0.0,1848804,1885.9175,63070030,2026-01-18 23:05:19.258,2026-01-17 23:00:00.891,139.99998,gzVl4KJPCr,com.sec.android.app.shealth,fff24d8b-1f92-4411-9923-8b1db6a884cb,1768694400000,
,,2667f604-48cd-4110-a099-80e26ed9e21e.extra_data.json,,0.0,63070030,0.0,2671462,1867.568,63070030,2026-01-19 23:35:21.802,2026-01-18 23:00:01.388,211.69002,gzVl4KJPCr,com.sec.android.app.shealth,2667f604-48cd-4110-a099-80e26ed9e21e,1768780800000,
,,4d1943e6-3baf-4485-8cd7-b2f80ab17ee6.extra_data.json,,78.0,63070030,0.0,2952029,1861.3099,63070030,2026-01-21 10:48:56.208,2026-01-19 23:00:01.232,241.18,gzVl4KJPCr,com.sec.android.app.shealth,4d1943e6-3baf-4485-8cd7-b2f80ab17ee6,1768867200000,
,,fb0cd465-f8da-4e63-8597-37b9b3345cb5.extra_data.json,,308.0,63070030,0.0,5608659,1802.0538,63070030,2026-01-22 02:55:18.449,2026-01-20 23:00:00.395,460.622,gzVl4KJPCr,com.sec.android.app.shealth,fb0cd465-f8da-4e63-8597-37b9b3345cb5,1768953600000,
,,8a6a56b6-6aaa-40ff-983e-e2337dddf521.extra_data.json,,0.0,63070030,0.0,3191662,1855.9648,63070030,2026-01-23 10:51:08.805,2026-01-21 23:00:02.033,253.28998,gzVl4KJPCr,com.sec.android.app.shealth,8a6a56b6-6aaa-40ff-983e-e2337dddf521,1769040000000,
,,9f927200-3d9d-4b70-bca3-209dff8819c7.extra_data.json,,96.0,63070030,0.0,3668147,1845.337,63070030,2026-01-23 23:27:40.420,2026-01-22 23:00:00.907,292.74396,gzVl4KJPCr,com.sec.android.app.shealth,9f927200-3d9d-4b70-bca3-209dff8819c7,1769126400000,
,,7425b50f-af20-44bc-9829-cd4d794b29d5.extra_data.json,,91.0,63070030,0.0,4385478,1829.3368,63070030,2026-01-25 17:55:16.841,2026-01-23 23:00:00.642,325.91998,gzVl4KJPCr,com.sec.android.app.shealth,7425b50f-af20-44bc-9829-cd4d794b29d5,1769212800000,
,,db962f5e-c065-48fd-890b-9ebbbfe531c4.extra_data.json,,0.0,63070030,0.0,3662324,1845.4669,63070030,2026-01-26 23:45:00.867,2026-01-25 23:00:00.616,301.19,gzVl4KJPCr,com.sec.android.app.shealth,db962f5e-c065-48fd-890b-9ebbbfe531c4,1769385600000,
,,a7f8efe8-1b09-42f9-a48e-fa8667fe2470.extra_data.json,,0.0,63070030,0.0,2086226,1880.6218,63070030,2026-01-26 10:03:07.947,2026-01-24 23:00:02.026,158.05997,gzVl4KJPCr,com.sec.android.app.shealth,a7f8efe8-1b09-42f9-a48e-fa8667fe2470,1769299200000,
,,64585b80-a33d-41ba-994e-ca711cffadaa.extra_data.json,,150.0,63070030,0.0,4138202,1834.8524,63070030,2026-02-23 18:40:15.076,2026-01-26 23:00:00.704,333.81995,UsfEcx1VUw,com.sec.android.app.shealth,64585b80-a33d-41ba-994e-ca711cffadaa,1769472000000,
,,e95713b0-b8c3-4208-8a6d-a63e1355f422.extra_data.json,,79.0,63070030,0.0,4010805,1837.6938,63070030,2026-02-23 18:40:15.089,2026-01-27 23:00:01.085,314.09003,UsfEcx1VUw,com.sec.android.app.shealth,e95713b0-b8c3-4208-8a6d-a63e1355f422,1769558400000,
,,fadfea1b-b25a-43dc-acf3-9403ac0d3a9a.extra_data.json,,0.0,63070030,0.0,812376,1909.035,63070030,2026-02-23 18:40:15.097,2026-01-28 23:00:00.761,61.71001,UsfEcx1VUw,com.sec.android.app.shealth,fadfea1b-b25a-43dc-acf3-9403ac0d3a9a,1769644800000,
,,ecf10b63-2265-4f14-9b44-fd56f1721aee.extra_data.json,,0.0,63070030,0.0,628284,1913.1411,63070030,2026-02-26 13:32:23.227,2026-01-29 23:00:02.073,47.85001,P1FU22eseu,com.sec.android.app.shealth,ecf10b63-2265-4f14-9b44-fd56f1721aee,1769731200000,
,,241933ac-e0f4-4b20-9c83-508b140dd7b8.extra_data.json,,0.0,63070030,0.0,4472489,1827.3961,63070030,2026-02-26 13:32:23.312,2026-02-09 23:00:01.166,358.18985,P1FU22eseu,com.sec.android.app.shealth,241933ac-e0f4-4b20-9c83-508b140dd7b8,1770681600000,
,,1de7ef6e-cf66-45d9-8189-5ad8fc5ce47b.extra_data.json,,0.0,63070030,0.0,2761110,1865.5684,63070030,2026-02-26 13:32:23.251,2026-01-31 23:00:00.951,210.96002,P1FU22eseu,com.sec.android.app.shealth,1de7ef6e-cf66-45d9-8189-5ad8fc5ce47b,1769904000000,
,,adc01ee8-7b42-4eaf-9199-8c7a3f4e46a0.extra_data.json,,0.0,63070030,0.0,5417201,1806.3242,63070030,2026-02-26 13:32:23.293,2026-02-06 23:00:00.643,416.55994,P1FU22eseu,com.sec.android.app.shealth,adc01ee8-7b42-4eaf-9199-8c7a3f4e46a0,1770422400000,
,,f0a3006f-c01b-4b1d-a53d-f9ab5a237c78.extra_data.json,,88.0,63070030,0.0,8767470,1731.5963,63070030,2026-02-26 13:32:23.241,2026-01-30 23:00:01.230,696.7499,P1FU22eseu,com.sec.android.app.shealth,f0a3006f-c01b-4b1d-a53d-f9ab5a237c78,1769817600000,
,,4e8cbe84-aa61-4ac0-a203-bb541d433861.extra_data.json,,0.0,63070030,0.0,3963561,1838.7477,63070030,2026-02-26 13:32:23.267,2026-02-02 23:00:00.591,304.86993,P1FU22eseu,com.sec.android.app.shealth,4e8cbe84-aa61-4ac0-a203-bb541d433861,1770076800000,
,,d5b96bb3-11a3-4508-aef7-9184718e1f03.extra_data.json,,491.0,63070030,0.0,7443795,1761.121,63070030,2026-02-26 13:32:23.263,2026-02-01 23:00:01.166,605.85455,P1FU22eseu,com.sec.android.app.shealth,d5b96bb3-11a3-4508-aef7-9184718e1f03,1769990400000,
,,e1839433-e857-4377-aee0-303014070edf.extra_data.json,,141.0,63070030,0.0,4090238,1835.9221,63070030,2026-02-26 13:32:23.349,2026-02-15 23:00:00.335,329.24002,P1FU22eseu,com.sec.android.app.shealth,e1839433-e857-4377-aee0-303014070edf,1771200000000,
,,63bc53fd-36b3-4f85-abfc-9518fe36fefc.extra_data.json,,0.0,63070030,0.0,3833873,1841.6404,63070030,2026-02-26 13:32:23.368,2026-02-17 23:00:00.738,306.31003,P1FU22eseu,com.sec.android.app.shealth,63bc53fd-36b3-4f85-abfc-9518fe36fefc,1771372800000,
,,cf2f7b56-0b35-4194-97ca-9380dcab8db1.extra_data.json,,145.0,63070030,0.0,1971486,1883.1809,63070030,2026-02-26 13:32:23.337,2026-02-13 23:00:01.264,159.19867,P1FU22eseu,com.sec.android.app.shealth,cf2f7b56-0b35-4194-97ca-9380dcab8db1,1771027200000,
,,167d1c04-dc79-456f-9df4-b55b23611d32.extra_data.json,,0.0,63070030,0.0,7603168,1757.5662,63070030,2026-02-26 13:32:23.275,2026-02-03 23:00:01.630,615.37994,P1FU22eseu,com.sec.android.app.shealth,167d1c04-dc79-456f-9df4-b55b23611d32,1770163200000,
,,7a6b1c3d-e1fb-43ff-b859-e1658aa2bde7.extra_data.json,,0.0,63070030,0.0,1387847,1896.1991,63070030,2026-02-26 13:32:23.287,2026-02-05 23:00:01.007,105.42999,P1FU22eseu,com.sec.android.app.shealth,7a6b1c3d-e1fb-43ff-b859-e1658aa2bde7,1770336000000,
,,aff0e2c1-c7c2-489a-a814-b0f8e586cf54.extra_data.json,,0.0,63070030,0.0,873740,1907.6661,63070030,2026-02-26 13:32:23.279,2026-02-04 23:00:01.456,65.62002,P1FU22eseu,com.sec.android.app.shealth,aff0e2c1-c7c2-489a-a814-b0f8e586cf54,1770249600000,
,,b08c370d-d980-493d-a869-70c6cc0ff247.extra_data.json,,296.0,63070030,0.0,6445609,1783.3856,63070030,2026-02-26 13:32:23.320,2026-02-10 23:00:01.085,530.75,P1FU22eseu,com.sec.android.app.shealth,b08c370d-d980-493d-a869-70c6cc0ff247,1770768000000,
,,a2d1883a-90a7-4b76-bf22-c2f11dd34fac.extra_data.json,,129.0,63070030,0.0,4261777,1832.0961,63070030,2026-02-26 13:32:23.298,2026-02-07 23:00:00.643,336.05002,P1FU22eseu,com.sec.android.app.shealth,a2d1883a-90a7-4b76-bf22-c2f11dd34fac,1770508800000,
,,1704eecf-aa2f-4959-9627-f6e08aa05392.extra_data.json,,33.0,63070030,0.0,2918162,1862.0654,63070030,2026-02-26 13:32:23.309,2026-02-08 23:00:00.900,232.65796,P1FU22eseu,com.sec.android.app.shealth,1704eecf-aa2f-4959-9627-f6e08aa05392,1770595200000,
,,b5926405-a044-4a70-8188-63aa5fe4f629.extra_data.json,,53.0,63070030,0.0,4029601,1837.2747,63070030,2026-02-26 13:32:23.356,2026-02-16 23:00:00.866,319.12997,P1FU22eseu,com.sec.android.app.shealth,b5926405-a044-4a70-8188-63aa5fe4f629,1771286400000,
,,6dfaca38-63f4-44dd-9d3e-bedeb099414a.extra_data.json,,53.0,63070030,0.0,4782801,1820.4746,63070030,2026-02-26 13:32:23.417,2026-02-23 23:00:01.349,378.3501,P1FU22eseu,com.sec.android.app.shealth,6dfaca38-63f4-44dd-9d3e-bedeb099414a,1771891200000,
,,d83e2d87-9b1d-4074-9abe-2ec93b15e4f0.extra_data.json,,0.0,63070030,0.0,3224135,1855.2406,63070030,2026-02-26 13:32:23.331,2026-02-12 23:00:01.235,255.01996,P1FU22eseu,com.sec.android.app.shealth,d83e2d87-9b1d-4074-9abe-2ec93b15e4f0,1770940800000,
,,5ca36964-c876-4484-a8b0-ecd15c448ef1.extra_data.json,,106.0,63070030,0.0,2207404,1877.9187,63070030,2026-02-26 13:32:23.324,2026-02-11 23:00:00.982,179.35068,P1FU22eseu,com.sec.android.app.shealth,5ca36964-c876-4484-a8b0-ecd15c448ef1,1770854400000,
,,73ae11fb-ca6d-470c-aa95-8ceeebc1a9a9.extra_data.json,,98.0,63070030,0.0,6239386,1787.9854,63070030,2026-02-26 13:32:23.377,2026-02-18 23:00:00.820,505.23007,P1FU22eseu,com.sec.android.app.shealth,73ae11fb-ca6d-470c-aa95-8ceeebc1a9a9,1771459200000,
,,d06cffda-eabb-4acc-bc19-75b517b98b67.extra_data.json,,230.0,63070030,0.0,7281487,1764.7412,63070030,2026-02-26 13:32:23.920,2026-02-24 23:00:00.616,569.89996,P1FU22eseu,com.sec.android.app.shealth,d06cffda-eabb-4acc-bc19-75b517b98b67,1771977600000,
,,8c17d383-9aae-4990-8677-1780b315ec23.extra_data.json,,387.0,63070030,0.0,7215424,1766.2148,63070030,2026-02-26 13:32:23.390,2026-02-19 23:00:01.102,596.65,P1FU22eseu,com.sec.android.app.shealth,8c17d383-9aae-4990-8677-1780b315ec23,1771545600000,
,,a3316a74-bccb-400c-bf14-316115767669.extra_data.json,,0.0,63070030,0.0,2091622,1880.5013,63070030,2026-02-26 13:32:23.394,2026-02-20 23:00:01.348,158.11003,P1FU22eseu,com.sec.android.app.shealth,a3316a74-bccb-400c-bf14-316115767669,1771632000000,
,,399c8df5-fe4c-482e-b25e-b0756c1aaef2.extra_data.json,,63.0,63070030,0.0,2780153,1865.1437,63070030,2026-02-26 13:32:23.346,2026-02-14 23:00:00.949,215.99,P1FU22eseu,com.sec.android.app.shealth,399c8df5-fe4c-482e-b25e-b0756c1aaef2,1771113600000,
,,ecbc9eea-6d5b-410b-9cde-d5a7a560bb8c.extra_data.json,,0.0,63070030,0.0,1221824,1899.9022,63070030,2026-02-26 13:32:23.404,2026-02-21 23:00:00.789,93.44998,P1FU22eseu,com.sec.android.app.shealth,ecbc9eea-6d5b-410b-9cde-d5a7a560bb8c,1771718400000,
,,85f9ad29-4e90-4154-9459-2d24989d68ff.extra_data.json,,0.0,63070030,0.0,1269848,1859.2307,63070030,2026-02-27 08:05:42.580,2026-02-25 23:00:00.793,97.00999,P1FU22eseu,com.sec.android.app.shealth,85f9ad29-4e90-4154-9459-2d24989d68ff,1772064000000,
,,4a60d0e6-e6ba-4631-8139-bfe55fd549f3.extra_data.json,,136.0,63070030,0.0,3542221,1848.1456,63070030,2026-02-26 13:32:23.409,2026-02-22 23:00:01.387,280.57,P1FU22eseu,com.sec.android.app.shealth,4a60d0e6-e6ba-4631-8139-bfe55fd549f3,1771804800000,
,,911512b1-e020-4a2a-b4ef-183ab8748348.extra_data.json,,428.0,63070030,0.0,8533483,1700.594,63070030,2026-02-28 17:08:22.442,2026-02-26 23:00:01.594,694.1,P1FU22eseu,com.sec.android.app.shealth,911512b1-e020-4a2a-b4ef-183ab8748348,1772150400000,
,,2274b3bd-0f8d-4967-ae72-63f7738e4021.extra_data.json,,158.0,63070030,0.0,3224319,1816.5454,63070030,2026-03-01 15:23:42.853,2026-02-27 23:00:00.720,264.72333,P1FU22eseu,com.sec.android.app.shealth,2274b3bd-0f8d-4967-ae72-63f7738e4021,1772236800000,
,,179f9cad-1398-419a-9c38-6baa15fdf7b1.extra_data.json,,0.0,63070030,0.0,2014250,1842.9731,63070030,2026-03-02 08:02:37.809,2026-02-28 23:00:01.101,150.61996,P1FU22eseu,com.sec.android.app.shealth,179f9cad-1398-419a-9c38-6baa15fdf7b1,1772323200000,
,,5eba7092-10a8-4187-bc90-32d85601f44a.extra_data.json,,99.0,63070030,0.0,7080286,1732.3315,63070030,2026-03-03 07:33:40.502,2026-03-01 23:00:00.893,556.65015,P1FU22eseu,com.sec.android.app.shealth,5eba7092-10a8-4187-bc90-32d85601f44a,1772409600000,
,,f3e01953-b25d-4e77-a47f-5170a724418b.extra_data.json,,0.0,63070030,0.0,6415197,1746.8569,63110130,2026-03-03 23:00:03.406,2026-03-02 23:00:00.932,506.85007,P1FU22eseu,com.sec.android.app.shealth,f3e01953-b25d-4e77-a47f-5170a724418b,1772496000000,
,,586a8c53-9511-4079-8834-5ee9bf30b271.extra_data.json,,241.0,63110130,0.0,6438459,1746.3491,63110130,2026-03-04 23:00:02.371,2026-03-03 23:00:00.818,515.58,P1FU22eseu,com.sec.android.app.shealth,586a8c53-9511-4079-8834-5ee9bf30b271,1772582400000,
,,d358237f-274c-487c-9894-996bb4f7cae3.extra_data.json,,251.0,63110130,0.0,7193469,1729.8596,63110130,2026-03-05 23:00:00.619,2026-03-04 23:00:00.687,586.4,P1FU22eseu,com.sec.android.app.shealth,d358237f-274c-487c-9894-996bb4f7cae3,1772668800000,
,,943913b0-8d03-436d-b842-e423b07f378c.extra_data.json,,219.0,63110130,0.0,6293561,1749.5135,63110130,2026-03-07 15:34:44.180,2026-03-05 23:00:00.246,511.65997,P1FU22eseu,com.sec.android.app.shealth,943913b0-8d03-436d-b842-e423b07f378c,1772755200000,
,,e77a6664-4832-44fb-8922-458e55507794.extra_data.json,,423.0,63110130,0.0,8021418,1711.7775,63110130,2026-03-07 23:06:42.711,2026-03-06 23:00:02.200,667.925,P1FU22eseu,com.sec.android.app.shealth,e77a6664-4832-44fb-8922-458e55507794,1772841600000,
,,85003f60-49d1-436e-a58f-7611d8bde203.extra_data.json,,323.0,63110130,0.0,7202270,1729.6675,63110130,2026-03-08 23:00:04.639,2026-03-07 23:06:41.818,572.1525,P1FU22eseu,com.sec.android.app.shealth,85003f60-49d1-436e-a58f-7611d8bde203,1772928000000,
,,c86f913b-9734-4db0-9be5-1c17ad6e243d.extra_data.json,,123.0,63110130,0.0,6525072,1744.4574,63110130,2026-03-09 23:00:05.799,2026-03-08 23:00:01.488,524.82544,P1FU22eseu,com.sec.android.app.shealth,c86f913b-9734-4db0-9be5-1c17ad6e243d,1773014400000,
,,f6db5740-b238-491b-9b80-5e6bca557d23.extra_data.json,,0.0,63110130,0.0,4209801,1795.0226,63110130,2026-03-10 23:00:03.961,2026-03-09 23:00:03.240,335.89993,P1FU22eseu,com.sec.android.app.shealth,f6db5740-b238-491b-9b80-5e6bca557d23,1773100800000,
,,526be42b-3360-4f2f-995c-afd18fda77ae.extra_data.json,,207.0,63110130,0.0,6379836,1747.6293,63110130,2026-03-11 23:00:03.179,2026-03-10 23:00:02.856,518.8999,P1FU22eseu,com.sec.android.app.shealth,526be42b-3360-4f2f-995c-afd18fda77ae,1773187200000,
,,652a913b-7394-430b-82b4-14fd13f699f1.extra_data.json,,126.0,63110130,0.0,3915821,1801.443,63110130,2026-03-12 23:00:01.954,2026-03-11 23:00:00.979,311.0685,P1FU22eseu,com.sec.android.app.shealth,652a913b-7394-430b-82b4-14fd13f699f1,1773273600000,
,,a062887e-343f-4961-9227-d0cfacd64171.extra_data.json,,95.0,63110130,0.0,3522711,1810.0286,63110130,2026-03-13 23:00:02.265,2026-03-12 23:00:00.704,281.14136,P1FU22eseu,com.sec.android.app.shealth,a062887e-343f-4961-9227-d0cfacd64171,1773360000000,
,,5f759b2c-50c1-4dba-85da-2ad84c3362d7.extra_data.json,,0.0,63110130,0.0,1221944,1860.277,63110130,2026-03-14 23:00:04.192,2026-03-13 23:00:01.717,90.619995,P1FU22eseu,com.sec.android.app.shealth,5f759b2c-50c1-4dba-85da-2ad84c3362d7,1773446400000,
,,99cf715f-2b4b-4910-9a19-cc856b030da9.extra_data.json,,363.0,63110130,0.0,6881339,1736.6766,63110130,2026-03-15 23:00:03.852,2026-03-14 23:00:01.936,545.3242,P1FU22eseu,com.sec.android.app.shealth,99cf715f-2b4b-4910-9a19-cc856b030da9,1773532800000,
,,2f26a524-0ae9-49b4-a645-af658e352235.extra_data.json,,268.0,63110130,0.0,6519324,1744.5829,63110130,2026-03-16 23:00:01.530,2026-03-15 23:00:00.742,512.8999,P1FU22eseu,com.sec.android.app.shealth,2f26a524-0ae9-49b4-a645-af658e352235,1773619200000,
,,03fd62ec-3a62-4108-8346-47e7c99cac6c.extra_data.json,,182.0,63110130,0.0,6999177,1734.103,63110130,2026-03-17 23:00:02.179,2026-03-16 23:00:00.712,554.35986,P1FU22eseu,com.sec.android.app.shealth,03fd62ec-3a62-4108-8346-47e7c99cac6c,1773705600000,
,,6fd3fbb4-37bf-47f8-93d5-2b8fbf3e7d56.extra_data.json,,172.0,63110130,0.0,6350830,1748.2628,63110130,2026-03-18 23:00:02.911,2026-03-17 23:00:01.129,520.57007,P1FU22eseu,com.sec.android.app.shealth,6fd3fbb4-37bf-47f8-93d5-2b8fbf3e7d56,1773792000000,
,,e0cdf42a-e02c-4873-ab0c-c9787ddc940d.extra_data.json,,104.0,63110130,0.0,1550736,1853.0962,63110130,2026-03-21 17:45:26.054,2026-03-18 23:00:01.245,123.37517,P1FU22eseu,com.sec.android.app.shealth,e0cdf42a-e02c-4873-ab0c-c9787ddc940d,1773878400000,
,,f0131eda-9be1-4517-b4b2-2faa90abb0d8.extra_data.json,,0.0,63110130,0.0,598696,1475.9934,63110130,2026-03-21 17:56:21.237,2026-03-21 17:42:25.957,35.911648,P1FU22eseu,com.sec.android.app.shealth,f0131eda-9be1-4517-b4b2-2faa90abb0d8,1774051200000,
,,b7bcd651-4e96-4a4d-922d-02064cb65378.extra_data.json,,0.0,63110130,0.0,0,1886.9641,63110130,2026-03-21 17:45:25.598,2026-03-21 17:45:25.598,0.0,P1FU22eseu,com.sec.android.app.shealth,b7bcd651-4e96-4a4d-922d-02064cb65378,1773964800000,
